ds,y,month,quarter,is_holiday_spike
2014-01-03,16.448,1,1,0
2014-01-04,288.06,1,1,0
2014-01-05,19.536,1,1,0
2014-01-06,4407.1,1,1,0
2014-01-07,87.15799999999999,1,1,0
2014-01-09,40.544,1,1,0
2014-01-10,54.83,1,1,0
2014-01-11,9.94,1,1,0
2014-01-13,3553.795,1,1,0
2014-01-14,61.96,1,1,0
2014-01-15,149.95,1,1,0
2014-01-16,299.964,1,1,0
2014-01-18,64.864,1,1,0
2014-01-19,378.594,1,1,0
2014-01-20,2673.87,1,1,0
2014-01-21,25.248,1,1,0
2014-01-23,46.019999999999996,1,1,0
2014-01-26,1097.25,1,1,0
2014-01-27,426.67,1,1,0
2014-01-28,3.928,1,1,0
2014-01-30,240.5,1,1,0
2014-01-31,290.666,1,1,0
2014-02-01,468.9,2,1,0
2014-02-02,211.64600000000002,2,1,0
2014-02-03,97.11200000000001,2,1,0
2014-02-04,134.38400000000001,2,1,0
2014-02-06,330.512,2,1,0
2014-02-07,180.32,2,1,0
2014-02-08,14.56,2,1,0
2014-02-11,2043.4,2,1,0
2014-02-12,129.568,2,1,0
2014-02-14,576.726,2,1,0
2014-02-15,21.36,2,1,0
2014-02-16,9.04,2,1,0
2014-02-17,54.208,2,1,0
2014-02-18,37.784,2,1,0
2014-02-20,95.59,2,1,0
2014-02-21,8.85,2,1,0
2014-02-22,19.44,2,1,0
2014-02-23,11.364,2,1,0
2014-02-24,55.672,2,1,0
2014-02-27,19.456,2,1,0
2014-03-01,2203.151,3,1,0
2014-03-02,202.384,3,1,0
2014-03-03,1345.8919999999998,3,1,0
2014-03-04,370.452,3,1,0
2014-03-05,705.562,3,1,0
2014-03-07,1561.062,3,1,0
2014-03-10,741.956,3,1,0
2014-03-11,918.314,3,1,0
2014-03-14,2108.55,3,1,0
2014-03-15,370.78200000000004,3,1,0
2014-03-16,471.92,3,1,0
2014-03-17,3960.358,3,1,0
2014-03-18,28106.716,3,1,0
2014-03-19,590.762,3,1,0
2014-03-21,4109.816,3,1,0
2014-03-22,464.09299999999996,3,1,0
2014-03-23,945.064,3,1,0
2014-03-24,65.38,3,1,0
2014-03-25,459.146,3,1,0
2014-03-26,145.13,3,1,0
2014-03-28,1823.8039999999999,3,1,0
2014-03-29,890.841,3,1,0
2014-03-30,1170.3220000000001,3,1,0
2014-03-31,1959.552,3,1,0
2014-04-01,119.88799999999999,4,2,0
2014-04-02,1458.558,4,2,0
2014-04-03,233.45,4,2,0
2014-04-04,475.844,4,2,0
2014-04-05,5295.098000000001,4,2,0
2014-04-06,1650.69,4,2,0
2014-04-07,1021.1700000000001,4,2,0
2014-04-08,1958.75,4,2,0
2014-04-11,1915.24,4,2,0
2014-04-12,1912.123,4,2,0
2014-04-13,638.576,4,2,0
2014-04-15,294.71999999999997,4,2,0
2014-04-16,39.072,4,2,0
2014-04-18,1020.532,4,2,0
2014-04-19,205.47,4,2,0
2014-04-20,1250.45,4,2,0
2014-04-21,845.36,4,2,0
2014-04-22,257.752,4,2,0
2014-04-23,643.98,4,2,0
2014-04-25,2379.9939999999997,4,2,0
2014-04-26,282.568,4,2,0
2014-04-28,2578.476,4,2,0
2014-04-29,768.8439999999999,4,2,0
2014-04-30,1048.74,4,2,0
2014-05-02,506.12,5,2,0
2014-05-03,72.632,5,2,0
2014-05-04,187.43200000000002,5,2,0
2014-05-05,260.977,5,2,0
2014-05-06,254.456,5,2,0
2014-05-07,1091.35,5,2,0
2014-05-08,1799.97,5,2,0
2014-05-09,394.48,5,2,0
2014-05-10,2343.799,5,2,0
2014-05-11,1642.802,5,2,0
2014-05-12,734.846,5,2,0
2014-05-13,898.382,5,2,0
2014-05-14,310.88,5,2,0
2014-05-16,289.28,5,2,0
2014-05-17,91.68,5,2,0
2014-05-18,948.9480000000001,5,2,0
2014-05-19,91.62,5,2,0
2014-05-20,320.10400000000004,5,2,0
2014-05-21,4264.3279999999995,5,2,0
2014-05-22,180.93,5,2,0
2014-05-23,323.75800000000004,5,2,0
2014-05-24,116.28,5,2,0
2014-05-25,119.53999999999999,5,2,0
2014-05-26,1325.718,5,2,0
2014-05-27,2157.394,5,2,0
2014-05-28,221.96800000000002,5,2,0
2014-05-30,1924.913,5,2,0
2014-05-31,773.7,5,2,0
2014-06-01,5188.5199999999995,6,2,0
2014-06-02,738.598,6,2,0
2014-06-03,741.336,6,2,0
2014-06-04,456.272,6,2,0
2014-06-06,1374.0010000000002,6,2,0
2014-06-07,281.397,6,2,0
2014-06-08,2501.264,6,2,0
2014-06-09,5463.008,6,2,0
2014-06-10,491.55,6,2,0
2014-06-13,14.52,6,2,0
2014-06-14,212.94,6,2,0
2014-06-15,942.9739999999999,6,2,0
2014-06-16,763.792,6,2,0
2014-06-17,3418.5020000000004,6,2,0
2014-06-18,139.8,6,2,0
2014-06-20,1828.9496,6,2,0
2014-06-21,4107.443,6,2,0
2014-06-22,1975.498,6,2,0
2014-06-23,109.49600000000001,6,2,0
2014-06-24,4.272,6,2,0
2014-06-25,792.76,6,2,0
2014-06-27,616.14,6,2,0
2014-06-28,1645.791,6,2,0
2014-06-29,46.68,6,2,0
2014-06-30,739.624,6,2,0
2014-07-01,601.0239999999999,7,3,0
2014-07-02,79.56,7,3,0
2014-07-04,247.40800000000002,7,3,0
2014-07-05,1444.104,7,3,0
2014-07-06,1038.472,7,3,0
2014-07-07,241.19400000000002,7,3,0
2014-07-08,763.0740000000001,7,3,0
2014-07-09,265.521,7,3,0
2014-07-11,2187.206,7,3,0
2014-07-12,1960.012,7,3,0
2014-07-13,351.216,7,3,0
2014-07-14,292.594,7,3,0
2014-07-15,9.51,7,3,0
2014-07-18,273.04,7,3,0
2014-07-19,461.326,7,3,0
2014-07-20,2285.786,7,3,0
2014-07-21,1961.482,7,3,0
2014-07-22,1348.344,7,3,0
2014-07-23,2613.1839999999997,7,3,0
2014-07-25,8341.289999999999,7,3,0
2014-07-26,5039.994,7,3,0
2014-07-27,580.06,7,3,0
2014-07-28,193.152,7,3,0
2014-07-30,1367.84,7,3,0
2014-08-01,228.328,8,3,0
2014-08-02,886.28,8,3,0
2014-08-03,477.994,8,3,0
2014-08-04,2743.154,8,3,0
2014-08-05,2408.7239999999997,8,3,0
2014-08-06,262.89,8,3,0
2014-08-08,3955.629,8,3,0
2014-08-09,3605.6850000000004,8,3,0
2014-08-11,451.62,8,3,0
2014-08-12,1832.38,8,3,0
2014-08-15,842.7819999999999,8,3,0
2014-08-16,853.092,8,3,0
2014-08-17,500.342,8,3,0
2014-08-19,1439.106,8,3,0
2014-08-20,1838.722,8,3,0
2014-08-22,23.104,8,3,0
2014-08-23,565.224,8,3,0
2014-08-24,59.74,8,3,0
2014-08-25,1451.6499999999999,8,3,0
2014-08-26,366.81,8,3,0
2014-08-27,2070.13,8,3,0
2014-08-29,832.3225,8,3,0
2014-08-30,121.24,8,3,0
2014-08-31,92.52,8,3,0
2014-09-01,469.436,9,3,0
2014-09-02,3254.15,9,3,0
2014-09-03,22.08,9,3,0
2014-09-05,296.304,9,3,0
2014-09-06,100.36,9,3,0
2014-09-07,3523.875,9,3,0
2014-09-08,14228.428,9,3,0
2014-09-09,4043.5879999999997,9,3,0
2014-09-10,1855.2279999999998,9,3,0
2014-09-11,127.95,9,3,0
2014-09-12,4904.66,9,3,0
2014-09-13,1275.408,9,3,0
2014-09-14,5023.716,9,3,0
2014-09-15,133.436,9,3,0
2014-09-16,33.552,9,3,0
2014-09-17,820.523,9,3,0
2014-09-19,9338.637,9,3,0
2014-09-20,5335.968000000001,9,3,0
2014-09-21,2679.652,9,3,0
2014-09-22,1240.266,9,3,0
2014-09-23,10662.337000000001,9,3,0
2014-09-24,211.96,9,3,0
2014-09-25,354.88880000000006,9,3,0
2014-09-26,1480.614,9,3,0
2014-09-27,773.4399999999999,9,3,0
2014-09-28,490.29200000000003,9,3,0
2014-09-29,8109.07,9,3,0
2014-09-30,987.532,9,3,0
2014-10-01,4.71,10,4,0
2014-10-02,598.144,10,4,0
2014-10-03,862.683,10,4,0
2014-10-04,728.7479999999999,10,4,0
2014-10-05,191.9,10,4,0
2014-10-06,494.71,10,4,0
2014-10-07,237.35999999999999,10,4,0
2014-10-08,147.392,10,4,0
2014-10-09,249.35999999999999,10,4,0
2014-10-10,2049.386,10,4,0
2014-10-11,1381.164,10,4,0
2014-10-12,58.53,10,4,0
2014-10-13,2212.182,10,4,0
2014-10-14,4525.484,10,4,0
2014-10-15,206.72400000000002,10,4,0
2014-10-16,194.322,10,4,0
2014-10-17,136.068,10,4,0
2014-10-18,3134.916,10,4,0
2014-10-19,641.104,10,4,0
2014-10-20,1501.104,10,4,0
2014-10-21,1356.602,10,4,0
2014-10-22,223.808,10,4,0
2014-10-24,56.49,10,4,0
2014-10-25,103.882,10,4,0
2014-10-26,447.88,10,4,0
2014-10-27,22.32,10,4,0
2014-10-28,1510.5819999999999,10,4,0
2014-10-29,2813.8120000000004,10,4,0
2014-10-31,5362.026,10,4,0
2014-11-01,4732.08,11,4,1
2014-11-02,2126.37,11,4,1
2014-11-03,2784.163,11,4,1
2014-11-04,6693.7480000000005,11,4,1
2014-11-05,1694.564,11,4,1
2014-11-06,43.68,11,4,1
2014-11-07,1449.142,11,4,1
2014-11-08,333.576,11,4,1
2014-11-09,1574.094,11,4,1
2014-11-10,2002.556,11,4,1
2014-11-11,8114.548,11,4,1
2014-11-12,1054.7612,11,4,1
2014-11-14,1034.73,11,4,1
2014-11-15,1780.822,11,4,1
2014-11-16,1355.9285,11,4,1
2014-11-17,11544.274,11,4,1
2014-11-18,3406.855,11,4,1
2014-11-19,7226.086,11,4,1
2014-11-20,907.5600000000001,11,4,1
2014-11-21,1249.622,11,4,1
2014-11-22,1103.298,11,4,1
2014-11-23,1363.28,11,4,1
2014-11-24,5578.606,11,4,1
2014-11-25,4415.695,11,4,1
2014-11-26,1705.99,11,4,1
2014-11-27,203.66,11,4,1
2014-11-28,2280.83,11,4,1
2014-11-29,649.044,11,4,1
2014-11-30,219.154,11,4,1
2014-12-01,5624.39,12,4,1
2014-12-02,1771.808,12,4,1
2014-12-03,505.88,12,4,1
2014-12-04,129.98,12,4,1
2014-12-05,2963.642,12,4,1
2014-12-06,1970.978,12,4,1
2014-12-07,548.4,12,4,1
2014-12-08,1095.12,12,4,1
2014-12-09,1522.652,12,4,1
2014-12-10,573.336,12,4,1
2014-12-12,4938.4045,12,4,1
2014-12-13,293.152,12,4,1
2014-12-14,7641.658,12,4,1
2014-12-15,1264.466,12,4,1
2014-12-16,4394.187,12,4,1
2014-12-17,45.534,12,4,1
2014-12-19,3436.7599999999998,12,4,1
2014-12-20,6962.4400000000005,12,4,1
2014-12-21,1933.44,12,4,1
2014-12-22,798.968,12,4,1
2014-12-23,942.108,12,4,1
2014-12-24,1950.202,12,4,1
2014-12-26,2041.414,12,4,1
2014-12-27,2966.388,12,4,1
2014-12-28,3732.2960000000003,12,4,1
2014-12-29,2072.096,12,4,1
2014-12-30,2172.6510000000003,12,4,1
2014-12-31,5253.2699999999995,12,4,1
2015-01-02,1932.096,1,1,0
2015-01-03,1768.2215999999999,1,1,0
2015-01-04,264.46000000000004,1,1,0
2015-01-05,295.272,1,1,0
2015-01-06,31.538,1,1,0
2015-01-09,364.07,1,1,0
2015-01-10,1018.104,1,1,0
2015-01-12,854.614,1,1,0
2015-01-13,622.278,1,1,0
2015-01-17,350.384,1,1,0
2015-01-19,301.742,1,1,0
2015-01-23,43.66,1,1,0
2015-01-24,13.12,1,1,0
2015-01-26,182.72,1,1,0
2015-01-27,3573.252,1,1,0
2015-01-28,4297.644,1,1,0
2015-01-30,2161.6400000000003,1,1,0
2015-01-31,99.26,1,1,0
2015-02-03,492.836,2,1,0
2015-02-06,2432.544,2,1,0
2015-02-07,324.10999999999996,2,1,0
2015-02-08,129.09199999999998,2,1,0
2015-02-09,785.5519999999999,2,1,0
2015-02-10,77.24,2,1,0
2015-02-14,1079.962,2,1,0
2015-02-15,1602.38,2,1,0
2015-02-16,160.43,2,1,0
2015-02-18,105.844,2,1,0
2015-02-20,316.78000000000003,2,1,0
2015-02-21,2591.1,2,1,0
2015-02-22,79.36,2,1,0
2015-02-23,37.775999999999996,2,1,0
2015-02-25,25.869999999999997,2,1,0
2015-02-27,1159.2710000000002,2,1,0
2015-02-28,551.264,2,1,0
2015-03-01,1642.1743999999999,3,1,0
2015-03-02,899.5699999999999,3,1,0
2015-03-05,1969.267,3,1,0
2015-03-06,1555.244,3,1,0
2015-03-07,807.54,3,1,0
2015-03-08,2563.2960000000003,3,1,0
2015-03-09,478.008,3,1,0
2015-03-10,90.93199999999999,3,1,0
2015-03-12,51.016000000000005,3,1,0
2015-03-13,1384.856,3,1,0
2015-03-14,707.9000000000001,3,1,0
2015-03-15,16.776,3,1,0
2015-03-16,7230.209999999999,3,1,0
2015-03-17,48.84,3,1,0
2015-03-19,5652.9396,3,1,0
2015-03-20,1548.194,3,1,0
2015-03-21,1270.3790000000001,3,1,0
2015-03-22,2481.424,3,1,0
2015-03-23,633.302,3,1,0
2015-03-24,412.95,3,1,0
2015-03-26,4623.37,3,1,0
2015-03-27,83.7,3,1,0
2015-03-28,243.344,3,1,0
2015-03-29,1559.0800000000002,3,1,0
2015-03-30,571.224,3,1,0
2015-03-31,200.716,3,1,0
2015-04-02,299.22,4,2,0
2015-04-04,1484.598,4,2,0
2015-04-05,2974.058,4,2,0
2015-04-06,140.004,4,2,0
2015-04-07,907.436,4,2,0
2015-04-09,757.992,4,2,0
2015-04-10,169.54199999999997,4,2,0
2015-04-11,1328.346,4,2,0
2015-04-12,40.74,4,2,0
2015-04-13,3192.6780000000003,4,2,0
2015-04-14,35.208,4,2,0
2015-04-16,4161.972,4,2,0
2015-04-17,2745.106,4,2,0
2015-04-18,2006.96,4,2,0
2015-04-19,329.96,4,2,0
2015-04-20,1194.726,4,2,0
2015-04-21,893.0899999999999,4,2,0
2015-04-22,152.916,4,2,0
2015-04-24,25.99,4,2,0
2015-04-25,920.946,4,2,0
2015-04-26,2090.1055,4,2,0
2015-04-27,2719.59,4,2,0
2015-04-28,4044.3619999999996,4,2,0
2015-04-29,7.968,4,2,0
2015-04-30,1571.695,4,2,0
2015-05-01,450.94,5,2,0
2015-05-02,167.232,5,2,0
2015-05-03,2198.76,5,2,0
2015-05-04,1121.362,5,2,0
2015-05-07,305.622,5,2,0
2015-05-08,3981.968,5,2,0
2015-05-09,48.81,5,2,0
2015-05-10,154.442,5,2,0
2015-05-11,191.968,5,2,0
2015-05-12,1060.35,5,2,0
2015-05-13,238.384,5,2,0
2015-05-14,3141.1994999999997,5,2,0
2015-05-15,69.908,5,2,0
2015-05-16,255.968,5,2,0
2015-05-17,134.46800000000002,5,2,0
2015-05-18,10.86,5,2,0
2015-05-20,169.54399999999998,5,2,0
2015-05-21,72.332,5,2,0
2015-05-22,3862.0980000000004,5,2,0
2015-05-23,1304.956,5,2,0
2015-05-24,610.3069999999999,5,2,0
2015-05-25,1739.4180000000001,5,2,0
2015-05-26,982.5640000000001,5,2,0
2015-05-28,794.146,5,2,0
2015-05-29,1204.842,5,2,0
2015-05-30,681.1,5,2,0
2015-05-31,5178.138,5,2,0
2015-06-01,834.1980000000001,6,2,0
2015-06-04,1192.31,6,2,0
2015-06-05,1533.1979999999999,6,2,0
2015-06-07,59.768,6,2,0
2015-06-08,1083.112,6,2,0
2015-06-09,797.116,6,2,0
2015-06-11,3373.5640000000003,6,2,0
2015-06-12,174.476,6,2,0
2015-06-13,1128.898,6,2,0
2015-06-14,51.072,6,2,0
2015-06-15,734.144,6,2,0
2015-06-16,3443.904,6,2,0
2015-06-18,1883.087,6,2,0
2015-06-19,446.346,6,2,0
2015-06-20,829.544,6,2,0
2015-06-21,107.976,6,2,0
2015-06-22,2018.953,6,2,0
2015-06-23,836.9580000000001,6,2,0
2015-06-25,857.08,6,2,0
2015-06-26,1592.1960000000001,6,2,0
2015-06-28,1386.466,6,2,0
2015-06-29,432.92600000000004,6,2,0
2015-07-02,1631.902,7,3,0
2015-07-03,823.982,7,3,0
2015-07-04,1138.288,7,3,0
2015-07-05,121.646,7,3,0
2015-07-06,1379.812,7,3,0
2015-07-08,21.12,7,3,0
2015-07-09,1587.114,7,3,0
2015-07-10,43.286,7,3,0
2015-07-11,1941.952,7,3,0
2015-07-12,2052.567,7,3,0
2015-07-13,2033.2559999999999,7,3,0
2015-07-14,860.9159999999999,7,3,0
2015-07-16,3029.386,7,3,0
2015-07-17,448.082,7,3,0
2015-07-18,672.418,7,3,0
2015-07-19,2.025,7,3,0
2015-07-20,2693.168,7,3,0
2015-07-23,208.272,7,3,0
2015-07-24,525.95,7,3,0
2015-07-25,2395.024,7,3,0
2015-07-26,969.225,7,3,0
2015-07-27,29.97,7,3,0
2015-07-30,443.802,7,3,0
2015-07-31,3712.162,7,3,0
2015-08-01,1011.696,8,3,0
2015-08-02,1290.478,8,3,0
2015-08-05,72.65,8,3,0
2015-08-06,494.86920000000003,8,3,0
2015-08-07,968.206,8,3,0
2015-08-08,840.102,8,3,0
2015-08-09,4878.392000000001,8,3,0
2015-08-10,851.4739999999999,8,3,0
2015-08-11,196.112,8,3,0
2015-08-13,586.896,8,3,0
2015-08-15,497.59000000000003,8,3,0
2015-08-16,3378.9320000000002,8,3,0
2015-08-17,381.64,8,3,0
2015-08-21,2827.52,8,3,0
2015-08-22,66.632,8,3,0
2015-08-23,1202.278,8,3,0
2015-08-24,7194.775000000001,8,3,0
2015-08-25,178.52599999999998,8,3,0
2015-08-27,639.9739999999999,8,3,0
2015-08-28,6491.293,8,3,0
2015-08-29,246.5,8,3,0
2015-08-31,2601.797,8,3,0
2015-09-01,2367.564,9,3,0
2015-09-03,1874.898,9,3,0
2015-09-04,1071.284,9,3,0
2015-09-05,934.1030000000001,9,3,0
2015-09-06,1005.654,9,3,0
2015-09-07,2922.667,9,3,0
2015-09-08,89.64,9,3,0
2015-09-10,1415.726,9,3,0
2015-09-11,1962.13,9,3,0
2015-09-12,707.824,9,3,0
2015-09-13,3445.772,9,3,0
2015-09-14,3262.42,9,3,0
2015-09-15,2535.85,9,3,0
2015-09-16,31.12,9,3,0
2015-09-17,11525.006,9,3,0
2015-09-18,3924.32,9,3,0
2015-09-19,500.38,9,3,0
2015-09-20,1836.052,9,3,0
2015-09-21,6982.058,9,3,0
2015-09-22,1783.504,9,3,0
2015-09-24,4220.594,9,3,0
2015-09-25,3033.757,9,3,0
2015-09-26,3722.273,9,3,0
2015-09-27,2382.958,9,3,0
2015-09-28,1058.364,9,3,0
2015-10-01,1158.414,10,4,0
2015-10-02,1269.266,10,4,0
2015-10-03,275.218,10,4,0
2015-10-04,505.58,10,4,0
2015-10-05,851.092,10,4,0
2015-10-08,222.12,10,4,0
2015-10-09,2133.5350000000003,10,4,0
2015-10-10,2248.194,10,4,0
2015-10-11,1011.8955,10,4,0
2015-10-12,2390.758,10,4,0
2015-10-13,371.65999999999997,10,4,0
2015-10-15,3219.554,10,4,0
2015-10-16,824.97,10,4,0
2015-10-17,77.88,10,4,0
2015-10-18,378.494,10,4,0
2015-10-19,2135.09,10,4,0
2015-10-20,720.086,10,4,0
2015-10-22,15.128,10,4,0
2015-10-23,2262.296,10,4,0
2015-10-24,831.145,10,4,0
2015-10-25,1425.412,10,4,0
2015-10-26,1395.333,10,4,0
2015-10-28,104.51,10,4,0
2015-10-29,244.24,10,4,0
2015-10-30,2122.044,10,4,0
2015-10-31,3211.009,10,4,0
2015-11-01,3106.1059999999998,11,4,1
2015-11-02,5528.551,11,4,1
2015-11-03,2800.846,11,4,1
2015-11-05,834.874,11,4,1
2015-11-06,11.481,11,4,1
2015-11-07,3073.073,11,4,1
2015-11-08,12196.997,11,4,1
2015-11-09,4620.2919999999995,11,4,1
2015-11-10,3536.904,11,4,1
2015-11-11,542.178,11,4,1
2015-11-12,1127.992,11,4,1
2015-11-13,3591.0771999999997,11,4,1
2015-11-14,2512.71,11,4,1
2015-11-15,702.17,11,4,1
2015-11-16,4072.334,11,4,1
2015-11-17,3885.986,11,4,1
2015-11-19,1040.784,11,4,1
2015-11-20,2861.15,11,4,1
2015-11-21,3613.5748,11,4,1
2015-11-22,614.499,11,4,1
2015-11-23,3450.1879999999996,11,4,1
2015-11-24,1218.7640000000001,11,4,1
2015-11-25,13.12,11,4,1
2015-11-26,1484.0819999999999,11,4,1
2015-11-27,3109.7835,11,4,1
2015-11-28,1864.482,11,4,1
2015-11-29,2760.168,11,4,1
2015-11-30,1798.3970000000002,11,4,1
2015-12-01,7130.594,12,4,1
2015-12-03,1972.645,12,4,1
2015-12-04,5185.814,12,4,1
2015-12-05,897.322,12,4,1
2015-12-06,6061.502,12,4,1
2015-12-07,1338.298,12,4,1
2015-12-08,2672.728,12,4,1
2015-12-09,34.02,12,4,1
2015-12-10,3080.38,12,4,1
2015-12-11,1590.894,12,4,1
2015-12-12,1448.854,12,4,1
2015-12-13,1023.386,12,4,1
2015-12-14,858.304,12,4,1
2015-12-15,5494.796,12,4,1
2015-12-16,4.98,12,4,1
2015-12-17,1918.492,12,4,1
2015-12-18,935.288,12,4,1
2015-12-19,6120.656,12,4,1
2015-12-20,1107.464,12,4,1
2015-12-21,3257.7599999999998,12,4,1
2015-12-22,473.313,12,4,1
2015-12-23,194.32,12,4,1
2015-12-24,7484.566000000001,12,4,1
2015-12-25,4204.968,12,4,1
2015-12-26,561.486,12,4,1
2015-12-27,5148.4472,12,4,1
2015-12-28,79.2,12,4,1
2015-12-29,6.36,12,4,1
2015-12-30,3251.34,12,4,1
2015-12-31,1381.344,12,4,1
2016-01-02,405.91999999999996,1,1,0
2016-01-03,2095.83,1,1,0
2016-01-04,1069.22,1,1,0
2016-01-05,255.904,1,1,0
2016-01-07,83.576,1,1,0
2016-01-08,1859.1580000000001,1,1,0
2016-01-09,743.0459999999999,1,1,0
2016-01-10,174.75,1,1,0
2016-01-11,149.444,1,1,0
2016-01-14,405.344,1,1,0
2016-01-15,701.923,1,1,0
2016-01-16,102.21799999999999,1,1,0
2016-01-17,1040.55,1,1,0
2016-01-21,1167.056,1,1,0
2016-01-22,917.63,1,1,0
2016-01-23,1732.3,1,1,0
2016-01-24,31.36,1,1,0
2016-01-25,858.712,1,1,0
2016-01-28,39.68,1,1,0
2016-01-30,3107.316,1,1,0
2016-01-31,1601.5539999999999,1,1,0
2016-02-01,161.97,2,1,0
2016-02-02,8996.784,2,1,0
2016-02-03,866.4,2,1,0
2016-02-04,197.868,2,1,0
2016-02-05,2994.476,2,1,0
2016-02-06,132.224,2,1,0
2016-02-07,762.142,2,1,0
2016-02-08,1369.476,2,1,0
2016-02-09,121.83,2,1,0
2016-02-11,69.93,2,1,0
2016-02-12,1366.04,2,1,0
2016-02-13,146.82,2,1,0
2016-02-14,837.921,2,1,0
2016-02-15,407.072,2,1,0
2016-02-16,1135.638,2,1,0
2016-02-19,392.65999999999997,2,1,0
2016-02-20,16.496,2,1,0
2016-02-21,1524.126,2,1,0
2016-02-22,983.17,2,1,0
2016-02-23,57.576,2,1,0
2016-02-25,46.72,2,1,0
2016-02-27,243.892,2,1,0
2016-02-28,36.48,2,1,0
2016-02-29,111.104,2,1,0
2016-03-01,6285.8060000000005,3,1,0
2016-03-03,7264.422,3,1,0
2016-03-04,315.45,3,1,0
2016-03-05,162.344,3,1,0
2016-03-06,811.303,3,1,0
2016-03-07,21.072,3,1,0
2016-03-08,2190.81,3,1,0
2016-03-09,635.6,3,1,0
2016-03-10,7879.734,3,1,0
2016-03-11,896.0219999999999,3,1,0
2016-03-12,1694.6419999999998,3,1,0
2016-03-13,8866.882,3,1,0
2016-03-14,669.3679999999999,3,1,0
2016-03-15,2356.808,3,1,0
2016-03-17,2360.3340000000003,3,1,0
2016-03-18,1061.682,3,1,0
2016-03-19,138.68,3,1,0
2016-03-20,928.311,3,1,0
2016-03-21,645.7059999999999,3,1,0
2016-03-22,226.46800000000002,3,1,0
2016-03-24,745.774,3,1,0
2016-03-25,1346.97,3,1,0
2016-03-26,682.246,3,1,0
2016-03-27,92.69999999999999,3,1,0
2016-03-28,125.30000000000001,3,1,0
2016-03-29,2659.339,3,1,0
2016-03-30,11.34,3,1,0
2016-03-31,640.762,3,1,0
2016-04-01,2161.48,4,2,0
2016-04-02,1454.9,4,2,0
2016-04-03,441.198,4,2,0
2016-04-04,970.194,4,2,0
2016-04-05,1046.3339999999998,4,2,0
2016-04-06,1294.75,4,2,0
2016-04-07,1970.574,4,2,0
2016-04-08,2906.404,4,2,0
2016-04-09,1115.197,4,2,0
2016-04-10,950.594,4,2,0
2016-04-12,1542.53,4,2,0
2016-04-13,6.12,4,2,0
2016-04-14,1466.572,4,2,0
2016-04-15,2201.8559999999998,4,2,0
2016-04-16,9335.086000000001,4,2,0
2016-04-17,421.08500000000004,4,2,0
2016-04-18,2514.538,4,2,0
2016-04-19,1414.132,4,2,0
2016-04-21,271.616,4,2,0
2016-04-22,1765.4650000000001,4,2,0
2016-04-23,720.368,4,2,0
2016-04-24,1607.1,4,2,0
2016-04-25,108.42,4,2,0
2016-04-26,434.646,4,2,0
2016-04-28,486.672,4,2,0
2016-04-30,142.208,4,2,0
2016-05-01,517.866,5,2,0
2016-05-02,1098.136,5,2,0
2016-05-03,1099.013,5,2,0
2016-05-05,2701.28,5,2,0
2016-05-06,236.96,5,2,0
2016-05-07,4835.976,5,2,0
2016-05-08,1340.2440000000001,5,2,0
2016-05-09,1283.512,5,2,0
2016-05-10,763.0200000000001,5,2,0
2016-05-11,5.98,5,2,0
2016-05-12,918.878,5,2,0
2016-05-14,455.93,5,2,0
2016-05-15,648.9119999999999,5,2,0
2016-05-16,880.4599999999999,5,2,0
2016-05-17,346.922,5,2,0
2016-05-18,122.22,5,2,0
2016-05-19,1582.008,5,2,0
2016-05-20,2471.913,5,2,0
2016-05-21,2718.2140000000004,5,2,0
2016-05-22,1799.2,5,2,0
2016-05-23,10560.978000000001,5,2,0
2016-05-24,277.756,5,2,0
2016-05-25,1311.97,5,2,0
2016-05-26,1975.356,5,2,0
2016-05-27,5305.078,5,2,0
2016-05-28,2137.324,5,2,0
2016-05-29,1063.185,5,2,0
2016-05-30,8090.578,5,2,0
2016-05-31,438.85900000000004,5,2,0
2016-06-02,157.844,6,2,0
2016-06-03,71.088,6,2,0
2016-06-04,2316.5229999999997,6,2,0
2016-06-05,659.82,6,2,0
2016-06-06,6026.312,6,2,0
2016-06-07,51.562,6,2,0
2016-06-09,1688.4720000000002,6,2,0
2016-06-10,1412.3960000000002,6,2,0
2016-06-11,1623.416,6,2,0
2016-06-12,2962.563,6,2,0
2016-06-13,430.43800000000005,6,2,0
2016-06-14,3457.099,6,2,0
2016-06-15,173.488,6,2,0
2016-06-16,147.27499999999998,6,2,0
2016-06-17,3000.92,6,2,0
2016-06-18,541.938,6,2,0
2016-06-19,17.12,6,2,0
2016-06-20,1229.548,6,2,0
2016-06-21,577.108,6,2,0
2016-06-23,2475.094,6,2,0
2016-06-24,5310.952,6,2,0
2016-06-25,893.266,6,2,0
2016-06-26,1919.6000000000001,6,2,0
2016-06-27,778.7059999999999,6,2,0
2016-06-28,877.156,6,2,0
2016-06-29,191.88,6,2,0
2016-06-30,1352.9499999999998,6,2,0
2016-07-01,1724.376,7,3,0
2016-07-02,772.786,7,3,0
2016-07-03,847.6999999999999,7,3,0
2016-07-04,1651.301,7,3,0
2016-07-07,3882.2309999999998,7,3,0
2016-07-08,2616.512,7,3,0
2016-07-09,573.286,7,3,0
2016-07-10,895.895,7,3,0
2016-07-12,95.76,7,3,0
2016-07-14,2149.96,7,3,0
2016-07-15,380.2,7,3,0
2016-07-16,910.17,7,3,0
2016-07-17,2184.88,7,3,0
2016-07-18,2891.858,7,3,0
2016-07-19,1536.454,7,3,0
2016-07-20,89.95,7,3,0
2016-07-21,991.095,7,3,0
2016-07-22,1368.048,7,3,0
2016-07-23,654.587,7,3,0
2016-07-24,326.964,7,3,0
2016-07-25,5920.488,7,3,0
2016-07-28,2033.374,7,3,0
2016-07-29,819.154,7,3,0
2016-07-30,1770.7759999999998,7,3,0
2016-07-31,2174.1580000000004,7,3,0
2016-08-01,1124.648,8,3,0
2016-08-02,482.584,8,3,0
2016-08-03,248.82,8,3,0
2016-08-04,497.90999999999997,8,3,0
2016-08-05,197.05,8,3,0
2016-08-06,320.38800000000003,8,3,0
2016-08-07,179.97,8,3,0
2016-08-08,1115.204,8,3,0
2016-08-09,661.3539999999999,8,3,0
2016-08-11,151.82,8,3,0
2016-08-12,3951.9605,8,3,0
2016-08-13,731.524,8,3,0
2016-08-14,923.688,8,3,0
2016-08-15,1680.2659999999998,8,3,0
2016-08-16,204.54000000000002,8,3,0
2016-08-17,15.712,8,3,0
2016-08-18,496.114,8,3,0
2016-08-19,448.792,8,3,0
2016-08-20,14.78,8,3,0
2016-08-21,4798.2919999999995,8,3,0
2016-08-22,405.35,8,3,0
2016-08-23,4187.348,8,3,0
2016-08-26,4874.298,8,3,0
2016-08-27,767.9110000000001,8,3,0
2016-08-28,322.0248,8,3,0
2016-08-29,632.188,8,3,0
2016-08-30,1656.8700000000001,8,3,0
2016-08-31,23.968,8,3,0
2016-09-01,5766.152,9,3,0
2016-09-02,6792.193,9,3,0
2016-09-03,2365.596,9,3,0
2016-09-04,4532.0419999999995,9,3,0
2016-09-05,5226.348,9,3,0
2016-09-06,1313.536,9,3,0
2016-09-08,4493.9836000000005,9,3,0
2016-09-09,84.992,9,3,0
2016-09-10,2094.324,9,3,0
2016-09-11,6501.586,9,3,0
2016-09-12,2043.792,9,3,0
2016-09-13,2374.73,9,3,0
2016-09-14,1137.338,9,3,0
2016-09-15,2101.1820000000002,9,3,0
2016-09-16,425.88599999999997,9,3,0
2016-09-17,2043.126,9,3,0
2016-09-18,4751.082,9,3,0
2016-09-19,3839.312,9,3,0
2016-09-20,1232.004,9,3,0
2016-09-22,615.57,9,3,0
2016-09-23,1322.145,9,3,0
2016-09-24,2286.05,9,3,0
2016-09-25,3443.091,9,3,0
2016-09-26,2698.1665,9,3,0
2016-09-27,1992.9858,9,3,0
2016-09-28,99.136,9,3,0
2016-09-29,1307.792,9,3,0
2016-09-30,525.884,9,3,0
2016-10-01,781.414,10,4,0
2016-10-02,18452.972,10,4,0
2016-10-03,1680.696,10,4,0
2016-10-04,5912.782,10,4,0
2016-10-06,830.4000000000001,10,4,0
2016-10-07,973.712,10,4,0
2016-10-08,561.5360000000001,10,4,0
2016-10-09,546.92,10,4,0
2016-10-10,282.75300000000004,10,4,0
2016-10-11,33.064,10,4,0
2016-10-13,1650.618,10,4,0
2016-10-14,3335.888,10,4,0
2016-10-15,1620.15,10,4,0
2016-10-16,142.182,10,4,0
2016-10-17,2953.346,10,4,0
2016-10-18,307.92,10,4,0
2016-10-20,946.174,10,4,0
2016-10-21,7951.592,10,4,0
2016-10-22,188.28,10,4,0
2016-10-23,467.42199999999997,10,4,0
2016-10-24,1365.498,10,4,0
2016-10-25,783.96,10,4,0
2016-10-27,978.7900000000001,10,4,0
2016-10-28,2899.0209999999997,10,4,0
2016-10-29,131.154,10,4,0
2016-10-30,159.002,10,4,0
2016-10-31,3750.4990000000003,10,4,0
2016-11-01,453.374,11,4,1
2016-11-03,3802.7960000000003,11,4,1
2016-11-04,3888.8179999999998,11,4,1
2016-11-05,4266.8988,11,4,1
2016-11-06,773.2560000000001,11,4,1
2016-11-07,3810.464,11,4,1
2016-11-08,993.9000000000001,11,4,1
2016-11-09,479.97,11,4,1
2016-11-10,4723.478,11,4,1
2016-11-11,4944.296,11,4,1
2016-11-12,4914.938,11,4,1
2016-11-13,2945.138,11,4,1
2016-11-14,2774.0620000000004,11,4,1
2016-11-15,2145.718,11,4,1
2016-11-16,36.72,11,4,1
2016-11-17,142.684,11,4,1
2016-11-18,3958.9320000000002,11,4,1
2016-11-19,638.462,11,4,1
2016-11-20,3070.333,11,4,1
2016-11-21,1176.891,11,4,1
2016-11-22,317.044,11,4,1
2016-11-23,100.61599999999999,11,4,1
2016-11-24,6394.5380000000005,11,4,1
2016-11-25,7978.551,11,4,1
2016-11-26,8329.743,11,4,1
2016-11-27,1651.239,11,4,1
2016-11-28,3428.372,11,4,1
2016-11-29,300.592,11,4,1
2016-11-30,970.142,11,4,1
2016-12-01,7365.455,12,4,1
2016-12-02,4684.616,12,4,1
2016-12-03,5269.816,12,4,1
2016-12-04,944.2860000000001,12,4,1
2016-12-05,5267.004,12,4,1
2016-12-06,3878.276,12,4,1
2016-12-08,4709.095,12,4,1
2016-12-09,1855.483,12,4,1
2016-12-10,3459.71,12,4,1
2016-12-11,6102.25,12,4,1
2016-12-12,1981.115,12,4,1
2016-12-13,1194.088,12,4,1
2016-12-14,828.654,12,4,1
2016-12-15,2637.087,12,4,1
2016-12-16,628.5419999999999,12,4,1
2016-12-17,12185.134,12,4,1
2016-12-18,7051.35,12,4,1
2016-12-19,815.1120000000001,12,4,1
2016-12-20,134.54,12,4,1
2016-12-22,1043.128,12,4,1
2016-12-23,6965.857,12,4,1
2016-12-24,1938.26,12,4,1
2016-12-25,10488.055,12,4,1
2016-12-26,1829.418,12,4,1
2016-12-27,959.49,12,4,1
2016-12-29,1277.68,12,4,1
2016-12-30,773.774,12,4,1
2016-12-31,731.768,12,4,1
2017-01-01,1481.8280000000002,1,1,0
2017-01-02,2079.554,1,1,0
2017-01-03,2070.272,1,1,0
2017-01-06,33.74,1,1,0
2017-01-07,3395.59,1,1,0
2017-01-08,892.98,1,1,0
2017-01-09,274.491,1,1,0
2017-01-12,848.52,1,1,0
2017-01-13,4619.33,1,1,0
2017-01-14,1056.038,1,1,0
2017-01-15,2140.28,1,1,0
2017-01-16,6230.2919999999995,1,1,0
2017-01-19,2013.715,1,1,0
2017-01-20,767.838,1,1,0
2017-01-21,2546.643,1,1,0
2017-01-22,4212.372,1,1,0
2017-01-23,450.334,1,1,0
2017-01-24,418.66599999999994,1,1,0
2017-01-26,3055.2799999999997,1,1,0
2017-01-27,331.914,1,1,0
2017-01-28,1007.52,1,1,0
2017-01-29,294.842,1,1,0
2017-01-30,3749.335,1,1,0
2017-02-02,913.354,2,1,0
2017-02-03,922.327,2,1,0
2017-02-04,32.67,2,1,0
2017-02-05,2263.012,2,1,0
2017-02-06,904.354,2,1,0
2017-02-09,773.7639999999999,2,1,0
2017-02-10,227.103,2,1,0
2017-02-11,1241.516,2,1,0
2017-02-13,1058.43,2,1,0
2017-02-16,1337.442,2,1,0
2017-02-17,2964.8174,2,1,0
2017-02-18,287.326,2,1,0
2017-02-19,1314.59,2,1,0
2017-02-20,1150.29,2,1,0
2017-02-21,47.904,2,1,0
2017-02-23,117.79999999999998,2,1,0
2017-02-24,1448.676,2,1,0
2017-02-25,430.49199999999996,2,1,0
2017-02-26,2847.6459999999997,2,1,0
2017-02-28,17.62,2,1,0
2017-03-02,1450.126,3,1,0
2017-03-03,2000.1039999999998,3,1,0
2017-03-04,228.822,3,1,0
2017-03-05,1240.02,3,1,0
2017-03-06,778.236,3,1,0
2017-03-07,166.59,3,1,0
2017-03-08,843.1,3,1,0
2017-03-09,710.804,3,1,0
2017-03-10,1252.952,3,1,0
2017-03-11,1973.708,3,1,0
2017-03-12,353.28,3,1,0
2017-03-13,4791.35,3,1,0
2017-03-14,49.616,3,1,0
2017-03-16,2014.381,3,1,0
2017-03-17,542.746,3,1,0
2017-03-18,1027.758,3,1,0
2017-03-19,2166.248,3,1,0
2017-03-20,899.568,3,1,0
2017-03-21,3332.636,3,1,0
2017-03-23,14816.068,3,1,0
2017-03-24,1257.298,3,1,0
2017-03-25,3567.026,3,1,0
2017-03-26,3252.88,3,1,0
2017-03-27,2933.516,3,1,0
2017-03-28,1504.702,3,1,0
2017-03-29,81.4,3,1,0
2017-03-30,656.407,3,1,0
2017-03-31,4981.010799999999,3,1,0
2017-04-01,5972.988,4,2,0
2017-04-02,822.97,4,2,0
2017-04-03,32.528,4,2,0
2017-04-04,808.47,4,2,0
2017-04-06,114.41999999999999,4,2,0
2017-04-07,1971.2905,4,2,0
2017-04-08,6401.93,4,2,0
2017-04-09,1626.71,4,2,0
2017-04-10,755.529,4,2,0
2017-04-11,319.806,4,2,0
2017-04-12,69.66,4,2,0
2017-04-13,1345.8239999999998,4,2,0
2017-04-14,652.93,4,2,0
2017-04-15,332.338,4,2,0
2017-04-16,944.429,4,2,0
2017-04-17,3431.4590000000003,4,2,0
2017-04-20,2033.24,4,2,0
2017-04-21,1254.564,4,2,0
2017-04-22,947.692,4,2,0
2017-04-23,1199.222,4,2,0
2017-04-24,928.558,4,2,0
2017-04-25,678.113,4,2,0
2017-04-26,61.608000000000004,4,2,0
2017-04-27,576.5756,4,2,0
2017-04-28,795.296,4,2,0
2017-04-29,1053.26,4,2,0
2017-04-30,1390.1260000000002,4,2,0
2017-05-01,4108.37,5,2,0
2017-05-02,399.11,5,2,0
2017-05-03,1386.346,5,2,0
2017-05-04,1389.4050000000002,5,2,0
2017-05-05,185.123,5,2,0
2017-05-06,3183.3698,5,2,0
2017-05-07,2549.468,5,2,0
2017-05-08,3658.5540000000005,5,2,0
2017-05-09,1078.222,5,2,0
2017-05-11,449.469,5,2,0
2017-05-12,970.384,5,2,0
2017-05-13,3066.378,5,2,0
2017-05-14,4182.062,5,2,0
2017-05-15,421.264,5,2,0
2017-05-16,221.024,5,2,0
2017-05-18,1830.508,5,2,0
2017-05-19,4919.182,5,2,0
2017-05-20,2997.578,5,2,0
2017-05-21,538.02,5,2,0
2017-05-22,336.56199999999995,5,2,0
2017-05-23,241.436,5,2,0
2017-05-25,886.026,5,2,0
2017-05-26,270.24,5,2,0
2017-05-27,2084.908,5,2,0
2017-05-28,1480.103,5,2,0
2017-05-29,691.108,5,2,0
2017-05-30,736.8904,5,2,0
2017-06-01,5058.362,6,2,0
2017-06-02,135.70600000000002,6,2,0
2017-06-03,2952.036,6,2,0
2017-06-04,279.414,6,2,0
2017-06-05,491.11199999999997,6,2,0
2017-06-06,31.349999999999998,6,2,0
2017-06-08,2227.038,6,2,0
2017-06-09,939.1329999999999,6,2,0
2017-06-10,2513.3430000000003,6,2,0
2017-06-11,1580.894,6,2,0
2017-06-12,1679.968,6,2,0
2017-06-13,1156.018,6,2,0
2017-06-15,4057.51,6,2,0
2017-06-16,2724.194,6,2,0
2017-06-17,3896.672,6,2,0
2017-06-18,1031.1555,6,2,0
2017-06-19,2115.941,6,2,0
2017-06-20,1028.228,6,2,0
2017-06-21,595.656,6,2,0
2017-06-22,579.019,6,2,0
2017-06-24,1287.614,6,2,0
2017-06-25,1508.3519999999999,6,2,0
2017-06-26,4224.136,6,2,0
2017-06-27,1644.906,6,2,0
2017-06-29,4521.9912,6,2,0
2017-06-30,4721.977,6,2,0
2017-07-01,639.83,7,3,0
2017-07-02,169.192,7,3,0
2017-07-03,6963.4039999999995,7,3,0
2017-07-05,476.35400000000004,7,3,0
2017-07-06,380.37800000000004,7,3,0
2017-07-07,1620.25,7,3,0
2017-07-08,1980.2640000000001,7,3,0
2017-07-09,1671.214,7,3,0
2017-07-10,359.21399999999994,7,3,0
2017-07-11,1728.892,7,3,0
2017-07-12,3.816,7,3,0
2017-07-13,504.542,7,3,0
2017-07-14,3598.9339999999997,7,3,0
2017-07-15,2132.229,7,3,0
2017-07-16,316.636,7,3,0
2017-07-17,2191.873,7,3,0
2017-07-18,2106.794,7,3,0
2017-07-20,2283.208,7,3,0
2017-07-21,3685.944,7,3,0
2017-07-22,556.3140000000001,7,3,0
2017-07-23,898.188,7,3,0
2017-07-24,2399.96,7,3,0
2017-07-25,798.742,7,3,0
2017-07-26,2012.3020000000001,7,3,0
2017-07-27,1142.68,7,3,0
2017-07-28,1170.5639999999999,7,3,0
2017-07-29,1391.294,7,3,0
2017-07-30,523.376,7,3,0
2017-07-31,1558.028,7,3,0
2017-08-01,2085.65,8,3,0
2017-08-03,531.348,8,3,0
2017-08-04,20.07,8,3,0
2017-08-05,503.676,8,3,0
2017-08-06,1424.026,8,3,0
2017-08-07,3479.624,8,3,0
2017-08-10,1823.0700000000002,8,3,0
2017-08-11,708.726,8,3,0
2017-08-12,3693.084,8,3,0
2017-08-13,2643.164,8,3,0
2017-08-14,440.736,8,3,0
2017-08-15,1949.872,8,3,0
2017-08-16,80.564,8,3,0
2017-08-17,9517.287999999999,8,3,0
2017-08-18,7078.4839999999995,8,3,0
2017-08-19,512.446,8,3,0
2017-08-20,692.95,8,3,0
2017-08-21,8551.054,8,3,0
2017-08-22,524.54,8,3,0
2017-08-23,4590.344,8,3,0
2017-08-24,685.0560000000002,8,3,0
2017-08-25,361.988,8,3,0
2017-08-26,190.66,8,3,0
2017-08-27,6190.538,8,3,0
2017-08-28,1443.6319999999998,8,3,0
2017-08-29,235.46800000000002,8,3,0
2017-08-31,3162.83,8,3,0
2017-09-01,1261.81,9,3,0
2017-09-02,9354.854,9,3,0
2017-09-03,1595.849,9,3,0
2017-09-04,5360.202,9,3,0
2017-09-05,327.044,9,3,0
2017-09-07,3848.565,9,3,0
2017-09-08,2184.327,9,3,0
2017-09-09,4356.061,9,3,0
2017-09-10,2506.646,9,3,0
2017-09-11,5564.006,9,3,0
2017-09-12,491.54999999999995,9,3,0
2017-09-13,15.92,9,3,0
2017-09-14,4367.347,9,3,0
2017-09-15,7285.026,9,3,0
2017-09-16,849.65,9,3,0
2017-09-17,4979.226,9,3,0
2017-09-18,1511.93,9,3,0
2017-09-19,1648.188,9,3,0
2017-09-20,7359.918,9,3,0
2017-09-21,338.172,9,3,0
2017-09-22,7871.213,9,3,0
2017-09-23,2395.786,9,3,0
2017-09-24,6450.4619999999995,9,3,0
2017-09-25,1412.213,9,3,0
2017-09-26,1486.576,9,3,0
2017-09-28,559.271,9,3,0
2017-09-29,1944.08,9,3,0
2017-09-30,540.76,9,3,0
2017-10-01,2978.466,10,4,0
2017-10-02,5418.022,10,4,0
2017-10-03,2504.48,10,4,0
2017-10-04,19.98,10,4,0
2017-10-05,6684.616,10,4,0
2017-10-06,1499.652,10,4,0
2017-10-07,2749.21,10,4,0
2017-10-08,608.356,10,4,0
2017-10-09,1496.589,10,4,0
2017-10-10,239.358,10,4,0
2017-10-12,5635.354,10,4,0
2017-10-13,8405.802,10,4,0
2017-10-14,134.332,10,4,0
2017-10-15,1017.94,10,4,0
2017-10-16,3473.5969999999998,10,4,0
2017-10-17,126.352,10,4,0
2017-10-19,2781.8702000000003,10,4,0
2017-10-20,1333.858,10,4,0
2017-10-21,4537.201,10,4,0
2017-10-22,15158.877,10,4,0
2017-10-23,3352.3940000000002,10,4,0
2017-10-24,529.0849999999999,10,4,0
2017-10-26,999.868,10,4,0
2017-10-27,1086.32,10,4,0
2017-10-28,408.726,10,4,0
2017-10-29,46.96,10,4,0
2017-10-30,4025.7299999999996,10,4,0
2017-10-31,523.928,10,4,0
2017-11-01,2921.43,11,4,1
2017-11-02,6294.386,11,4,1
2017-11-03,4536.937,11,4,1
2017-11-04,10668.096,11,4,1
2017-11-05,2355.064,11,4,1
2017-11-06,4288.75,11,4,1
2017-11-07,2413.378,11,4,1
2017-11-08,384.1,11,4,1
2017-11-09,4751.492,11,4,1
2017-11-10,4007.5480000000002,11,4,1
2017-11-11,1815.2179999999998,11,4,1
2017-11-12,2911.386,11,4,1
2017-11-13,6633.4202000000005,11,4,1
2017-11-14,834.6579999999999,11,4,1
2017-11-15,559.2,11,4,1
2017-11-16,4755.234,11,4,1
2017-11-17,13694.8828,11,4,1
2017-11-18,1469.756,11,4,1
2017-11-19,7397.272,11,4,1
2017-11-20,2988.274,11,4,1
2017-11-21,2236.1839999999997,11,4,1
2017-11-22,35.712,11,4,1
2017-11-23,1153.109,11,4,1
2017-11-24,4959.641,11,4,1
2017-11-25,3666.157,11,4,1
2017-11-26,5048.1720000000005,11,4,1
2017-11-27,1618.254,11,4,1
2017-11-28,6912.944,11,4,1
2017-11-29,491.888,11,4,1
2017-11-30,6645.282,11,4,1
2017-12-01,5331.178,12,4,1
2017-12-02,9951.182,12,4,1
2017-12-03,1403.842,12,4,1
2017-12-04,2639.638,12,4,1
2017-12-05,1453.136,12,4,1
2017-12-06,10.68,12,4,1
2017-12-07,2916.514,12,4,1
2017-12-08,7643.041,12,4,1
2017-12-09,5470.39,12,4,1
2017-12-10,3873.5589999999997,12,4,1
2017-12-11,2823.965,12,4,1
2017-12-13,580.936,12,4,1
2017-12-14,3897.714,12,4,1
2017-12-15,306.88800000000003,12,4,1
2017-12-16,858.702,12,4,1
2017-12-17,2027.758,12,4,1
2017-12-18,3645.911,12,4,1
2017-12-19,1895.926,12,4,1
2017-12-20,377.736,12,4,1
2017-12-21,2140.94,12,4,1
2017-12-22,7442.021,12,4,1
2017-12-23,1926.776,12,4,1
2017-12-24,6233.054,12,4,1
2017-12-25,2698.927,12,4,1
2017-12-26,814.5939999999999,12,4,1
2017-12-27,177.636,12,4,1
2017-12-28,1657.3508000000002,12,4,1
2017-12-29,2915.534,12,4,1
2017-12-30,713.7900000000001,12,4,1
