ds,y,yhat
2014-01-03,16.448,0.0
2014-01-04,288.06,16.955699610124963
2014-01-05,19.536,300.6658270655054
2014-01-06,4407.1,18.74742538776159
2014-01-07,87.15799999999999,4775.257724528592
2014-01-09,40.544,82.21782872406094
2014-01-10,54.83,40.04062150632569
2014-01-11,9.94,399.8422178744753
2014-01-13,3553.795,180.78922488222665
2014-01-14,61.96,258.44037284848105
2014-01-15,149.95,15124.033209870724
2014-01-16,299.964,1.6075442424147526
2014-01-18,64.864,145.99299266483814
2014-01-19,378.594,87.20168542540753
2014-01-20,2673.87,67.20032628339693
2014-01-21,25.248,984903.8424851067
2014-01-23,46.019999999999996,70.84124647680075
2014-01-26,1097.25,141.77721999013468
2014-01-27,426.67,616.744049155945
2014-01-28,3.928,114.66959604388758
2014-01-30,240.5,353.0894638227388
2014-01-31,290.666,202.5562738632598
2014-02-01,468.9,268.19626315304583
2014-02-02,211.64600000000002,65.07891388792382
2014-02-03,97.11200000000001,634.8293648337979
2014-02-04,134.38400000000001,390.7328841264687
2014-02-06,330.512,13.809092672575161
2014-02-07,180.32,447.49851938516184
2014-02-08,14.56,288.3078938678636
2014-02-11,2043.4,265.5444002809815
2014-02-12,129.568,105.0112161968716
2014-02-14,576.726,256.9780815545197
2014-02-15,21.36,316.8843662558759
2014-02-16,9.04,45.61788171421525
2014-02-17,54.208,189.34956612433717
2014-02-18,37.784,61.151228471092224
2014-02-20,95.59,363.20972189677195
2014-02-21,8.85,49.47278528848735
2014-02-22,19.44,133.24762884854587
2014-02-23,11.364,43.82610286070748
2014-02-24,55.672,8.652854842873065
2014-02-27,19.456,64.18931311785815
2014-03-01,2203.151,22.748072242301724
2014-03-02,202.384,183.91386377169496
2014-03-03,1345.8919999999998,24.503892229799206
2014-03-04,370.452,110.8200554686487
2014-03-05,705.562,55.961863584952596
2014-03-07,1561.062,33.06664123750928
2014-03-10,741.956,126.2035327956958
2014-03-11,918.314,241.33604724955856
2014-03-14,2108.55,508.66682001302786
2014-03-15,370.78200000000004,199.21200809575237
2014-03-16,471.92,354.82313875041234
2014-03-17,3960.358,235.3518360633974
2014-03-18,28106.716,180.76702936733187
2014-03-19,590.762,550.8198666377446
2014-03-21,4109.816,703.5320473466772
2014-03-22,464.09299999999996,1905.1648326319703
2014-03-23,945.064,423.44427938219377
2014-03-24,65.38,846.7116442857125
2014-03-25,459.146,672.162277975637
2014-03-26,145.13,626.8872702993278
2014-03-28,1823.8039999999999,523.591351117904
2014-03-29,890.841,1147.4433330728473
2014-03-30,1170.3220000000001,1473.2047544410789
2014-03-31,1959.552,561.8363116729265
2014-04-01,119.88799999999999,653.0992398281887
2014-04-02,1458.558,702.5362704897576
2014-04-03,233.45,530.1498252548502
2014-04-04,475.844,854.9893092699217
2014-04-05,5295.098000000001,1174.510768233517
2014-04-06,1650.69,2064.7501473162984
2014-04-07,1021.1700000000001,877.6995462242934
2014-04-08,1958.75,673.031465708446
2014-04-11,1915.24,1229.3970437560993
2014-04-12,1912.123,691.7804889984889
2014-04-13,638.576,1202.6639786926232
2014-04-15,294.71999999999997,2290.3634655107335
2014-04-16,39.072,2397.072185643936
2014-04-18,1020.532,819.6266274658838
2014-04-19,205.47,913.3647217100787
2014-04-20,1250.45,1154.4268975516202
2014-04-21,845.36,784.5535767644024
2014-04-22,257.752,1006.097797344423
2014-04-23,643.98,1365.620527936148
2014-04-25,2379.9939999999997,1277.947479708873
2014-04-26,282.568,1049.3063079542362
2014-04-28,2578.476,712.3803115627384
2014-04-29,768.8439999999999,1428.3541067958417
2014-04-30,1048.74,843.4864279834935
2014-05-02,506.12,971.5814283336548
2014-05-03,72.632,1574.812074142014
2014-05-04,187.43200000000002,1606.8954609541927
2014-05-05,260.977,762.6583655834314
2014-05-06,254.456,844.9482265271934
2014-05-07,1091.35,1057.170273910936
2014-05-08,1799.97,771.6538637507745
2014-05-09,394.48,869.2318556638627
2014-05-10,2343.799,974.4807989228772
2014-05-11,1642.802,1375.6856392387635
2014-05-12,734.846,838.8939956914203
2014-05-13,898.382,823.9390096056256
2014-05-14,310.88,1362.3435136973749
2014-05-16,289.28,934.8119765465134
2014-05-17,91.68,818.789466865072
2014-05-18,948.9480000000001,1188.906381237262
2014-05-19,91.62,1455.845657392682
2014-05-20,320.10400000000004,697.1228270933502
2014-05-21,4264.3279999999995,731.8552560750975
2014-05-22,180.93,1092.7820554991924
2014-05-23,323.75800000000004,693.7695044382881
2014-05-24,116.28,594.7507248640238
2014-05-25,119.53999999999999,1029.1543931147758
2014-05-26,1325.718,842.5620266275191
2014-05-27,2157.394,655.8825200174217
2014-05-28,221.96800000000002,953.1077920909603
2014-05-30,1924.913,785.5122636856529
2014-05-31,773.7,707.9040627880422
2014-06-01,5188.5199999999995,565.4105540707586
2014-06-02,738.598,1052.6099621593623
2014-06-03,741.336,1277.6884727010524
2014-06-04,456.272,897.8825595796168
2014-06-06,1374.0010000000002,801.2389823514841
2014-06-07,281.397,1172.5350555648358
2014-06-08,2501.264,770.886782730747
2014-06-09,5463.008,921.3315516029113
2014-06-10,491.55,1265.7311062132849
2014-06-13,14.52,1313.4174777515675
2014-06-14,212.94,696.4499865543066
2014-06-15,942.9739999999999,849.1740867915513
2014-06-16,763.792,918.9362264046865
2014-06-17,3418.5020000000004,888.3127458249196
2014-06-18,139.8,1022.7003754767867
2014-06-20,1828.9496,925.2854803273921
2014-06-21,4107.443,818.8513127063975
2014-06-22,1975.498,831.73413696184
2014-06-23,109.49600000000001,1062.2521624514434
2014-06-24,4.272,985.5161158949791
2014-06-25,792.76,791.0202495387907
2014-06-27,616.14,669.3036981679751
2014-06-28,1645.791,1027.5530883823044
2014-06-29,46.68,1103.412697795105
2014-06-30,739.624,692.8095506695556
2014-07-01,601.0239999999999,663.0091462642947
2014-07-02,79.56,532.8389012783255
2014-07-04,247.40800000000002,758.6671558108334
2014-07-05,1444.104,630.6020832219178
2014-07-06,1038.472,996.6573726462726
2014-07-07,241.19400000000002,689.5016818828575
2014-07-08,763.0740000000001,683.3145406293261
2014-07-09,265.521,700.5595749191164
2014-07-11,2187.206,512.1779889993402
2014-07-12,1960.012,780.3537729269985
2014-07-13,351.216,807.4180119100002
2014-07-14,292.594,987.8295091858606
2014-07-15,9.51,695.8647383724032
2014-07-18,273.04,580.4557540743335
2014-07-19,461.326,565.7472204652212
2014-07-20,2285.786,606.6085029878318
2014-07-21,1961.482,829.2747803214688
2014-07-22,1348.344,667.3725523206365
2014-07-23,2613.1839999999997,879.8910679082467
2014-07-25,8341.289999999999,541.2155705270309
2014-07-26,5039.994,813.3419746830223
2014-07-27,580.06,837.9688273440946
2014-07-28,193.152,860.986216073537
2014-07-30,1367.84,983.495353150823
2014-08-01,228.328,881.1570001492739
2014-08-02,886.28,1115.6112803989263
2014-08-03,477.994,899.9425949542966
2014-08-04,2743.154,932.3465331612816
2014-08-05,2408.7239999999997,810.191327139742
2014-08-06,262.89,772.842533817455
2014-08-08,3955.629,1036.8527326989406
2014-08-09,3605.6850000000004,845.5121304008478
2014-08-11,451.62,1320.52039791662
2014-08-12,1832.38,846.6616509058395
2014-08-15,842.7819999999999,1161.0374163360007
2014-08-16,853.092,990.9707436865979
2014-08-17,500.342,793.6970616342876
2014-08-19,1439.106,1306.5720106986068
2014-08-20,1838.722,1069.4919097276406
2014-08-22,23.104,1257.9285221838863
2014-08-23,565.224,830.4732763540355
2014-08-24,59.74,984.8936367646451
2014-08-25,1451.6499999999999,766.6962947754969
2014-08-26,366.81,738.0608290988259
2014-08-27,2070.13,1108.918684239017
2014-08-29,832.3225,973.9291546174105
2014-08-30,121.24,815.6279503725412
2014-08-31,92.52,764.3068787049997
2014-09-01,469.436,662.3628935465705
2014-09-02,3254.15,820.0032374193814
2014-09-03,22.08,704.145217042509
2014-09-05,296.304,963.444302964481
2014-09-06,100.36,760.1216587363501
2014-09-07,3523.875,634.1701241356573
2014-09-08,14228.428,645.3505516186254
2014-09-09,4043.5879999999997,867.3677504155761
2014-09-10,1855.2279999999998,1031.8738867069728
2014-09-11,127.95,565.4584890654418
2014-09-12,4904.66,987.4510510993633
2014-09-13,1275.408,828.6266330242889
2014-09-14,5023.716,1089.572387118715
2014-09-15,133.436,1167.7467538408464
2014-09-16,33.552,971.136816585933
2014-09-17,820.523,867.5346630377289
2014-09-19,9338.637,548.4201281644506
2014-09-20,5335.968000000001,1457.3128600774262
2014-09-21,2679.652,1011.8617053439547
2014-09-22,1240.266,1287.1309174951177
2014-09-23,10662.337000000001,863.1144275759555
2014-09-24,211.96,924.3589995052363
2014-09-25,354.88880000000006,1083.0550244378105
2014-09-26,1480.614,864.1675351294161
2014-09-27,773.4399999999999,1621.317559039441
2014-09-28,490.29200000000003,1097.2084939907334
2014-09-29,8109.07,1171.46571616398
2014-09-30,987.532,1325.3855631718966
2014-10-01,4.71,895.0411576436458
2014-10-02,598.144,825.1036210772115
2014-10-03,862.683,768.2030851867321
2014-10-04,728.7479999999999,1320.6702123053042
2014-10-05,191.9,917.8290988016154
2014-10-06,494.71,1213.077784891495
2014-10-07,237.35999999999999,913.21579017843
2014-10-08,147.392,508.7280064512387
2014-10-09,249.35999999999999,843.0494647817795
2014-10-10,2049.386,649.3894384679302
2014-10-11,1381.164,1208.713458797839
2014-10-12,58.53,788.2922102619297
2014-10-13,2212.182,898.2987479930018
2014-10-14,4525.484,808.9118322699472
2014-10-15,206.72400000000002,636.3256524934513
2014-10-16,194.322,795.7987643923288
2014-10-17,136.068,705.4817591098947
2014-10-18,3134.916,1090.0793684584398
2014-10-19,641.104,680.6544200888047
2014-10-20,1501.104,1095.6369037979334
2014-10-21,1356.602,980.1428050181723
2014-10-22,223.808,587.682599441983
2014-10-24,56.49,741.5578473926662
2014-10-25,103.882,542.3006341886776
2014-10-26,447.88,1111.6831612969527
2014-10-27,22.32,653.0311513574729
2014-10-28,1510.5819999999999,821.6348736330326
2014-10-29,2813.8120000000004,790.2251035733317
2014-10-31,5362.026,508.0521884478245
2014-11-01,4732.08,1393.40716198533
2014-11-02,2126.37,1219.5553343846918
2014-11-03,2784.163,2375.209860960507
2014-11-04,6693.7480000000005,1206.560448911403
2014-11-05,1694.564,2535.06671144588
2014-11-06,43.68,2114.790568359097
2014-11-07,1449.142,1226.193390740052
2014-11-08,333.576,1649.6329124733093
2014-11-09,1574.094,1215.4955235412644
2014-11-10,2002.556,2361.894645845782
2014-11-11,8114.548,1498.0167662957917
2014-11-12,1054.7612,2291.569867380994
2014-11-14,1034.73,1385.5619603783614
2014-11-15,1780.822,1255.7208773746202
2014-11-16,1355.9285,1430.474420549198
2014-11-17,11544.274,1336.065429221293
2014-11-18,3406.855,2719.2291504704144
2014-11-19,7226.086,1798.3613585207459
2014-11-20,907.5600000000001,2426.2520779865017
2014-11-21,1249.622,1759.0441307730507
2014-11-22,1103.298,1413.6027758623584
2014-11-23,1363.28,1637.4225333888824
2014-11-24,5578.606,1686.7279873469688
2014-11-25,4415.695,2905.354116520555
2014-11-26,1705.99,1993.6910305119595
2014-11-27,203.66,2312.726854000797
2014-11-28,2280.83,1671.6013342355889
2014-11-29,649.044,1409.6822213327123
2014-11-30,219.154,1599.3902154523996
2014-12-01,5624.39,1519.2634231969814
2014-12-02,1771.808,2853.2188000979368
2014-12-03,505.88,1690.5891243281956
2014-12-04,129.98,1787.2875132842596
2014-12-05,2963.642,1559.4111741820393
2014-12-06,1970.978,1243.4821644415006
2014-12-07,548.4,1359.0622663858503
2014-12-08,1095.12,1565.463908569263
2014-12-09,1522.652,2388.5724599171426
2014-12-10,573.336,1434.0502668972272
2014-12-12,4938.4045,1541.0939630353355
2014-12-13,293.152,1829.1735359885008
2014-12-14,7641.658,1192.5023239882344
2014-12-15,1264.466,1438.2880452524562
2014-12-16,4394.187,1489.3224235749599
2014-12-17,45.534,2569.020922729487
2014-12-19,3436.7599999999998,1225.0873513476538
2014-12-20,6962.4400000000005,2009.4113119655642
2014-12-21,1933.44,1591.151998566539
2014-12-22,798.968,1498.1206323321355
2014-12-23,942.108,1392.4270343191351
2014-12-24,1950.202,1609.3208043943482
2014-12-26,2041.414,1869.7788427833182
2014-12-27,2966.388,1649.2047993994936
2014-12-28,3732.2960000000003,2213.5399848040543
2014-12-29,2072.096,1789.215714157108
2014-12-30,2172.6510000000003,1377.8171762071156
2014-12-31,5253.2699999999995,1501.1941684432252
2015-01-02,1932.096,871.3845172598511
2015-01-03,1768.2215999999999,1240.7172022818168
2015-01-04,264.46000000000004,912.6484970666263
2015-01-05,295.272,1077.225684891298
2015-01-06,31.538,853.0042880429303
2015-01-09,364.07,607.9312999476867
2015-01-10,1018.104,732.807509235305
2015-01-12,854.614,821.8279802010918
2015-01-13,622.278,1136.0297375252449
2015-01-17,350.384,701.6450524620452
2015-01-19,301.742,868.5676262234982
2015-01-23,43.66,606.5441790594446
2015-01-24,13.12,528.8784720991245
2015-01-26,182.72,544.7983230269406
2015-01-27,3573.252,618.0548497253899
2015-01-28,4297.644,952.3253046957082
2015-01-30,2161.6400000000003,666.5102997179466
2015-01-31,99.26,838.555951261691
2015-02-03,492.836,512.4503448144178
2015-02-06,2432.544,433.2853435537367
2015-02-07,324.10999999999996,627.2332563802526
2015-02-08,129.09199999999998,773.6102743773167
2015-02-09,785.5519999999999,992.2976304153096
2015-02-10,77.24,691.7190656685323
2015-02-14,1079.962,620.2449514960294
2015-02-15,1602.38,595.1308659817719
2015-02-16,160.43,586.401576096845
2015-02-18,105.844,534.7420382957113
2015-02-20,316.78000000000003,551.6369712348172
2015-02-21,2591.1,868.5526689782976
2015-02-22,79.36,556.8888964374189
2015-02-23,37.775999999999996,677.3061088341831
2015-02-25,25.869999999999997,513.077254991084
2015-02-27,1159.2710000000002,357.1634270993096
2015-02-28,551.264,446.1807503770068
2015-03-01,1642.1743999999999,533.661285752855
2015-03-02,899.5699999999999,914.4292847031766
2015-03-05,1969.267,467.09563203607655
2015-03-06,1555.244,582.9333771128668
2015-03-07,807.54,472.8223246081222
2015-03-08,2563.2960000000003,515.7676234337396
2015-03-09,478.008,575.2464161176625
2015-03-10,90.93199999999999,675.9557608006945
2015-03-12,51.016000000000005,852.1480163889138
2015-03-13,1384.856,519.4351629052479
2015-03-14,707.9000000000001,697.364012900315
2015-03-15,16.776,533.5256619137592
2015-03-16,7230.209999999999,437.75437866222876
2015-03-17,48.84,537.8196533827521
2015-03-19,5652.9396,460.1930746791745
2015-03-20,1548.194,770.066550835619
2015-03-21,1270.3790000000001,604.9742056179432
2015-03-22,2481.424,696.2286231057408
2015-03-23,633.302,460.9231946956919
2015-03-24,412.95,633.5539603374624
2015-03-26,4623.37,455.32427450325804
2015-03-27,83.7,815.3235096326899
2015-03-28,243.344,869.1327881517682
2015-03-29,1559.0800000000002,594.2837506836294
2015-03-30,571.224,792.130262405589
2015-03-31,200.716,526.9336365144138
2015-04-02,299.22,511.9178429577128
2015-04-04,1484.598,571.8954758689556
2015-04-05,2974.058,576.0259863190973
2015-04-06,140.004,892.9838782627137
2015-04-07,907.436,611.6715544492072
2015-04-09,757.992,722.4528371588767
2015-04-10,169.54199999999997,499.6180812033418
2015-04-11,1328.346,500.5949472434806
2015-04-12,40.74,601.1726389673854
2015-04-13,3192.6780000000003,609.1977070317537
2015-04-14,35.208,804.1220878436341
2015-04-16,4161.972,538.4214621976458
2015-04-17,2745.106,743.962800424003
2015-04-18,2006.96,502.99823882961675
2015-04-19,329.96,621.8192310656855
2015-04-20,1194.726,468.0697036336564
2015-04-21,893.0899999999999,772.6353673034757
2015-04-22,152.916,728.1526843886421
2015-04-24,25.99,694.3612519260269
2015-04-25,920.946,680.1924867901214
2015-04-26,2090.1055,537.1208828473292
2015-04-27,2719.59,548.7878505567519
2015-04-28,4044.3619999999996,601.4190029503368
2015-04-29,7.968,774.0642288100621
2015-04-30,1571.695,613.4968530170399
2015-05-01,450.94,538.3942688512973
2015-05-02,167.232,746.9327851239914
2015-05-03,2198.76,529.0031124243903
2015-05-04,1121.362,632.373249087384
2015-05-07,305.622,632.752132967338
2015-05-08,3981.968,491.79329803138245
2015-05-09,48.81,909.4601192396764
2015-05-10,154.442,545.5645200460837
2015-05-11,191.968,623.231982362843
2015-05-12,1060.35,531.5707025186997
2015-05-13,238.384,572.126830488396
2015-05-14,3141.1994999999997,487.61607955128545
2015-05-15,69.908,722.407254360083
2015-05-16,255.968,570.2325809660063
2015-05-17,134.46800000000002,497.7464605767308
2015-05-18,10.86,569.1143922247438
2015-05-20,169.54399999999998,416.900989546907
2015-05-21,72.332,417.51210471576496
2015-05-22,3862.0980000000004,450.19233606463416
2015-05-23,1304.956,476.6685886517881
2015-05-24,610.3069999999999,598.6080974626798
2015-05-25,1739.4180000000001,451.3994357155203
2015-05-26,982.5640000000001,486.3065304437276
2015-05-28,794.146,461.88669620783844
2015-05-29,1204.842,444.57613392582147
2015-05-30,681.1,604.6085146717446
2015-05-31,5178.138,595.1021455820946
2015-06-01,834.1980000000001,747.7838772896976
2015-06-04,1192.31,609.0682413571978
2015-06-05,1533.1979999999999,683.5985664309296
2015-06-07,59.768,577.8494570310799
2015-06-08,1083.112,512.8617333510771
2015-06-09,797.116,590.8668044496042
2015-06-11,3373.5640000000003,712.4651224368387
2015-06-12,174.476,793.1157450558512
2015-06-13,1128.898,588.9662702118426
2015-06-14,51.072,721.6989412673005
2015-06-15,734.144,419.2934060871481
2015-06-16,3443.904,562.3218411313064
2015-06-18,1883.087,638.5074371955287
2015-06-19,446.346,770.7137944261513
2015-06-20,829.544,676.2720518726042
2015-06-21,107.976,648.5162358497151
2015-06-22,2018.953,539.0876027344617
2015-06-23,836.9580000000001,575.7022446304269
2015-06-25,857.08,656.1446012696623
2015-06-26,1592.1960000000001,671.3060556665887
2015-06-28,1386.466,709.7767960935129
2015-06-29,432.92600000000004,803.3724805016654
2015-07-02,1631.902,572.3789252202806
2015-07-03,823.982,791.4741286053634
2015-07-04,1138.288,607.336382243852
2015-07-05,121.646,673.2665941826282
2015-07-06,1379.812,660.935276285719
2015-07-08,21.12,779.5781807294991
2015-07-09,1587.114,638.7473666958864
2015-07-10,43.286,671.2375225653618
2015-07-11,1941.952,605.9801849501416
2015-07-12,2052.567,586.5060988648455
2015-07-13,2033.2559999999999,564.6337014404959
2015-07-14,860.9159999999999,720.235031822135
2015-07-16,3029.386,584.3147109484861
2015-07-17,448.082,886.3938297663135
2015-07-18,672.418,552.1000602057038
2015-07-19,2.025,795.840721398848
2015-07-20,2693.168,493.33552126276345
2015-07-23,208.272,654.7640477497579
2015-07-24,525.95,613.3468517621214
2015-07-25,2395.024,694.5352176178509
2015-07-26,969.225,748.0977019152981
2015-07-27,29.97,607.6079238768982
2015-07-30,443.802,424.5730990310645
2015-07-31,3712.162,595.7071805167083
2015-08-01,1011.696,577.993053988316
2015-08-02,1290.478,648.3264187908596
2015-08-05,72.65,756.0606400769084
2015-08-06,494.86920000000003,681.4680989251214
2015-08-07,968.206,469.43543927387384
2015-08-08,840.102,625.9419826089057
2015-08-09,4878.392000000001,658.1836724510265
2015-08-10,851.4739999999999,665.6253436678131
2015-08-11,196.112,708.1851010958244
2015-08-13,586.896,581.6276730288297
2015-08-15,497.59000000000003,738.5403070710278
2015-08-16,3378.9320000000002,588.4866411717558
2015-08-17,381.64,719.3128027911138
2015-08-21,2827.52,705.2851074792891
2015-08-22,66.632,676.4915540024095
2015-08-23,1202.278,576.9826620777797
2015-08-24,7194.775000000001,698.163864543124
2015-08-25,178.52599999999998,852.7730055356301
2015-08-27,639.9739999999999,654.541676724619
2015-08-28,6491.293,659.4217206201242
2015-08-29,246.5,825.8627930118699
2015-08-31,2601.797,549.0241080928872
2015-09-01,2367.564,791.843775156439
2015-09-03,1874.898,929.1936623003454
2015-09-04,1071.284,820.5864809995122
2015-09-05,934.1030000000001,718.2473650451107
2015-09-06,1005.654,896.963106337859
2015-09-07,2922.667,733.7885142533858
2015-09-08,89.64,827.4445656991641
2015-09-10,1415.726,786.0318653838976
2015-09-11,1962.13,900.6041364382039
2015-09-12,707.824,938.954649692711
2015-09-13,3445.772,744.900013436582
2015-09-14,3262.42,904.7025093596352
2015-09-15,2535.85,952.2176715414349
2015-09-16,31.12,729.7750829842254
2015-09-17,11525.006,795.2907397552051
2015-09-18,3924.32,1076.2068290215243
2015-09-19,500.38,1047.5732571276392
2015-09-20,1836.052,889.33826234428
2015-09-21,6982.058,1039.5885296588012
2015-09-22,1783.504,1081.8191588143352
2015-09-24,4220.594,718.7025124758887
2015-09-25,3033.757,1290.2208067215252
2015-09-26,3722.273,1270.06701839997
2015-09-27,2382.958,1184.9431918817431
2015-09-28,1058.364,1099.2783181805066
2015-10-01,1158.414,1289.7301867082788
2015-10-02,1269.266,1147.4191333381345
2015-10-03,275.218,1035.1345868825802
2015-10-04,505.58,1174.0871604000472
2015-10-05,851.092,1232.7330357815067
2015-10-08,222.12,1206.8944446683709
2015-10-09,2133.5350000000003,922.5166139062455
2015-10-10,2248.194,1142.288016430209
2015-10-11,1011.8955,1112.968241597693
2015-10-12,2390.758,849.1878250812111
2015-10-13,371.65999999999997,1151.855727143424
2015-10-15,3219.554,1138.2551286409002
2015-10-16,824.97,1135.659987415542
2015-10-17,77.88,1073.8690738672028
2015-10-18,378.494,1063.3090599113407
2015-10-19,2135.09,990.246847009451
2015-10-20,720.086,947.6012185219827
2015-10-22,15.128,1012.4750341032816
2015-10-23,2262.296,986.6305000540466
2015-10-24,831.145,1043.0325866842118
2015-10-25,1425.412,776.024327020441
2015-10-26,1395.333,995.1267316998315
2015-10-28,104.51,1050.6010069947145
2015-10-29,244.24,738.1998392318965
2015-10-30,2122.044,711.9066203963079
2015-10-31,3211.009,1140.941457547159
2015-11-01,3106.1059999999998,2201.591057949923
2015-11-02,5528.551,1939.9272671153208
2015-11-03,2800.846,2311.3688386650165
2015-11-05,834.874,1876.678868207679
2015-11-06,11.481,1592.4519812647322
2015-11-07,3073.073,1659.0145021032383
2015-11-08,12196.997,2318.920180253388
2015-11-09,4620.2919999999995,2261.6569950017374
2015-11-10,3536.904,2018.6515101358266
2015-11-11,542.178,2222.564505957316
2015-11-12,1127.992,1773.301095506237
2015-11-13,3591.0771999999997,1194.3551093741687
2015-11-14,2512.71,2116.4661984345767
2015-11-15,702.17,2594.636916156076
2015-11-16,4072.334,2138.269984302928
2015-11-17,3885.986,1983.4778017521987
2015-11-19,1040.784,2031.4779170418901
2015-11-20,2861.15,1864.6665031238006
2015-11-21,3613.5748,1699.77327829126
2015-11-22,614.499,2150.8939927289425
2015-11-23,3450.1879999999996,2133.280649174058
2015-11-24,1218.7640000000001,2347.9116156151504
2015-11-25,13.12,1959.4407916423313
2015-11-26,1484.0819999999999,1567.1076980206503
2015-11-27,3109.7835,1791.9227442562399
2015-11-28,1864.482,1559.9918778079548
2015-11-29,2760.168,1738.6766499497685
2015-11-30,1798.3970000000002,2260.6265058374415
2015-12-01,7130.594,1969.9903113468201
2015-12-03,1972.645,1419.6451703603373
2015-12-04,5185.814,1999.2307273490067
2015-12-05,897.322,2062.4874424794393
2015-12-06,6061.502,1552.2740686953111
2015-12-07,1338.298,2129.406345186249
2015-12-08,2672.728,2283.0859387140176
2015-12-09,34.02,2382.896070800586
2015-12-10,3080.38,1468.9965921292937
2015-12-11,1590.894,2085.9520719078714
2015-12-12,1448.854,1740.2681009508249
2015-12-13,1023.386,1617.705777053942
2015-12-14,858.304,1771.5114355820242
2015-12-15,5494.796,2096.0857497966117
2015-12-16,4.98,1657.8086309383457
2015-12-17,1918.492,1298.4411412502304
2015-12-18,935.288,1722.9647500494852
2015-12-19,6120.656,1547.662984243235
2015-12-20,1107.464,1409.5085071785434
2015-12-21,3257.7599999999998,1587.0729082629568
2015-12-22,473.313,2168.8458376389503
2015-12-23,194.32,1184.6134402891207
2015-12-24,7484.566000000001,1385.340990908394
2015-12-25,4204.968,1744.9505561751544
2015-12-26,561.486,1831.7170458073233
2015-12-27,5148.4472,1284.9159449238684
2015-12-28,79.2,1817.0789458651734
2015-12-29,6.36,1578.5431747433322
2015-12-30,3251.34,1040.6721250954738
2015-12-31,1381.344,1495.2694452945607
2016-01-02,405.91999999999996,759.0908140912877
2016-01-03,2095.83,625.3867489582284
2016-01-04,1069.22,646.2089213496317
2016-01-05,255.904,601.9516113205304
2016-01-07,83.576,572.295390860996
2016-01-08,1859.1580000000001,639.1513873698618
2016-01-09,743.0459999999999,658.4621783019554
2016-01-10,174.75,701.5313720007908
2016-01-11,149.444,672.4423199930818
2016-01-14,405.344,532.446951488811
2016-01-15,701.923,578.0061246265043
2016-01-16,102.21799999999999,624.2322567998764
2016-01-17,1040.55,610.0677754185946
2016-01-21,1167.056,601.0196041033918
2016-01-22,917.63,627.3619024498685
2016-01-23,1732.3,594.5653992569204
2016-01-24,31.36,562.0899557626485
2016-01-25,858.712,547.1243409182683
2016-01-28,39.68,604.6952451995695
2016-01-30,3107.316,554.572047739485
2016-01-31,1601.5539999999999,628.2123844470251
2016-02-01,161.97,679.5953229103297
2016-02-02,8996.784,608.1720021706577
2016-02-03,866.4,495.96213059989725
2016-02-04,197.868,652.2546122841472
2016-02-05,2994.476,548.0737452837201
2016-02-06,132.224,765.014887491461
2016-02-07,762.142,610.6837223006207
2016-02-08,1369.476,617.6876222809345
2016-02-09,121.83,782.5914679084499
2016-02-11,69.93,500.2494693170031
2016-02-12,1366.04,511.1716584008807
2016-02-13,146.82,706.9354214730172
2016-02-14,837.921,527.4726374259019
2016-02-15,407.072,593.6651510431318
2016-02-16,1135.638,633.4844475454995
2016-02-19,392.65999999999997,574.557460681188
2016-02-20,16.496,434.02667416240666
2016-02-21,1524.126,509.24834054545556
2016-02-22,983.17,562.7152438796059
2016-02-23,57.576,603.9739232789492
2016-02-25,46.72,486.6977129502156
2016-02-27,243.892,523.3977526562297
2016-02-28,36.48,495.337480366744
2016-02-29,111.104,297.10802691448185
2016-03-01,6285.8060000000005,470.61990690260734
2016-03-03,7264.422,573.4376110743165
2016-03-04,315.45,507.5756689924982
2016-03-05,162.344,435.40553896291846
2016-03-06,811.303,497.88524580376424
2016-03-07,21.072,455.5292495384864
2016-03-08,2190.81,320.31637059724534
2016-03-09,635.6,608.1596768318775
2016-03-10,7879.734,615.1734775776167
2016-03-11,896.0219999999999,557.3700578842629
2016-03-12,1694.6419999999998,489.08537381333434
2016-03-13,8866.882,620.0881075655232
2016-03-14,669.3679999999999,528.015467720346
2016-03-15,2356.808,515.142363364195
2016-03-17,2360.3340000000003,663.365983960998
2016-03-18,1061.682,830.5002513195425
2016-03-19,138.68,660.8775622062367
2016-03-20,928.311,597.1006044186946
2016-03-21,645.7059999999999,785.070441124926
2016-03-22,226.46800000000002,604.8633193982982
2016-03-24,745.774,518.7698805506751
2016-03-25,1346.97,691.4591972579922
2016-03-26,682.246,732.194581720767
2016-03-27,92.69999999999999,576.2581330814234
2016-03-28,125.30000000000001,562.3063608261702
2016-03-29,2659.339,607.496863956552
2016-03-30,11.34,576.3260002732588
2016-03-31,640.762,410.70059113511445
2016-04-01,2161.48,615.3459446382437
2016-04-02,1454.9,670.7522580237464
2016-04-03,441.198,533.3901401614618
2016-04-04,970.194,513.2137218489922
2016-04-05,1046.3339999999998,718.4960811755379
2016-04-06,1294.75,464.80221221953076
2016-04-07,1970.574,524.4123161210891
2016-04-08,2906.404,745.4811869533976
2016-04-09,1115.197,800.7740628551792
2016-04-10,950.594,637.5870882919369
2016-04-12,1542.53,661.2920967180149
2016-04-13,6.12,796.2594797328993
2016-04-14,1466.572,516.7929381096367
2016-04-15,2201.8559999999998,571.478303526607
2016-04-16,9335.086000000001,785.3459360049434
2016-04-17,421.08500000000004,860.717437002138
2016-04-18,2514.538,660.9593259093766
2016-04-19,1414.132,733.690668877752
2016-04-21,271.616,619.1935073007909
2016-04-22,1765.4650000000001,669.8068748506048
2016-04-23,720.368,663.1282618646416
2016-04-24,1607.1,907.2838565549622
2016-04-25,108.42,815.7414148476289
2016-04-26,434.646,693.2914308343312
2016-04-28,486.672,687.8703934182793
2016-04-30,142.208,684.4806895700889
2016-05-01,517.866,632.5719940847428
2016-05-02,1098.136,561.1827647208835
2016-05-03,1099.013,798.0264843905097
2016-05-05,2701.28,692.5922055109083
2016-05-06,236.96,702.982902642967
2016-05-07,4835.976,635.1287342024823
2016-05-08,1340.2440000000001,731.7072154302014
2016-05-09,1283.512,697.5123020936217
2016-05-10,763.0200000000001,661.3677035415001
2016-05-11,5.98,855.8937109640685
2016-05-12,918.878,692.5242706145178
2016-05-14,455.93,625.5102689218428
2016-05-15,648.9119999999999,722.2453648450414
2016-05-16,880.4599999999999,717.4765012647233
2016-05-17,346.922,667.2435538227819
2016-05-18,122.22,562.1100135476495
2016-05-19,1582.008,525.1389397985591
2016-05-20,2471.913,771.8102117084221
2016-05-21,2718.2140000000004,667.949026564817
2016-05-22,1799.2,721.461960632369
2016-05-23,10560.978000000001,778.5037082157473
2016-05-24,277.756,756.2967917445822
2016-05-25,1311.97,564.2122287562008
2016-05-26,1975.356,873.5140738425115
2016-05-27,5305.078,956.7891864561849
2016-05-28,2137.324,893.1309074009056
2016-05-29,1063.185,886.6035922374076
2016-05-30,8090.578,1019.6957118188449
2016-05-31,438.85900000000004,834.8761330499966
2016-06-02,157.844,742.6713432202797
2016-06-03,71.088,907.2471937026792
2016-06-04,2316.5229999999997,925.0569995325476
2016-06-05,659.82,863.8527631480989
2016-06-06,6026.312,812.1673138110592
2016-06-07,51.562,1094.9338458051996
2016-06-09,1688.4720000000002,658.8467502224177
2016-06-10,1412.3960000000002,643.6145644917493
2016-06-11,1623.416,796.2571268888305
2016-06-12,2962.563,1046.1035965712724
2016-06-13,430.43800000000005,870.510151982845
2016-06-14,3457.099,934.5013694311359
2016-06-15,173.488,846.8241937371415
2016-06-16,147.27499999999998,790.6908155454544
2016-06-17,3000.92,673.4308464040348
2016-06-18,541.938,972.3212991602255
2016-06-19,17.12,1024.9435840813208
2016-06-20,1229.548,646.6265557921613
2016-06-21,577.108,872.5436871435447
2016-06-23,2475.094,740.0333824266551
2016-06-24,5310.952,702.5669814926088
2016-06-25,893.266,805.7963979406993
2016-06-26,1919.6000000000001,872.3529682747835
2016-06-27,778.7059999999999,817.1289861383623
2016-06-28,877.156,856.801106769739
2016-06-29,191.88,863.0330679973924
2016-06-30,1352.9499999999998,881.856820257331
2016-07-01,1724.376,874.7104897598252
2016-07-02,772.786,747.1843666084649
2016-07-03,847.6999999999999,949.6651677392024
2016-07-04,1651.301,952.9016713914424
2016-07-07,3882.2309999999998,868.8505262911274
2016-07-08,2616.512,883.504272623236
2016-07-09,573.286,1031.5160305367176
2016-07-10,895.895,880.6059750610086
2016-07-12,95.76,777.9170506872928
2016-07-14,2149.96,872.8959213192609
2016-07-15,380.2,1064.9476962036758
2016-07-16,910.17,910.1313862908537
2016-07-17,2184.88,941.3407153345495
2016-07-18,2891.858,945.1922684689919
2016-07-19,1536.454,902.4331866754482
2016-07-20,89.95,714.5185003316767
2016-07-21,991.095,937.5456817870745
2016-07-22,1368.048,957.9745033830734
2016-07-23,654.587,910.0929924601335
2016-07-24,326.964,953.7732083313413
2016-07-25,5920.488,955.8222577650042
2016-07-28,2033.374,944.7356765987183
2016-07-29,819.154,705.115072720749
2016-07-30,1770.7759999999998,1014.4505479784928
2016-07-31,2174.1580000000004,1105.8504911678851
2016-08-01,1124.648,966.8952416463826
2016-08-02,482.584,947.5872632642042
2016-08-03,248.82,1112.4837914559
2016-08-04,497.90999999999997,887.7604361942788
2016-08-05,197.05,740.3748006131839
2016-08-06,320.38800000000003,954.5408373806605
2016-08-07,179.97,992.9309966970171
2016-08-08,1115.204,804.2669861406822
2016-08-09,661.3539999999999,839.9668326078182
2016-08-11,151.82,841.1365915446397
2016-08-12,3951.9605,719.0164539932622
2016-08-13,731.524,674.1772571654562
2016-08-14,923.688,865.6658870868937
2016-08-15,1680.2659999999998,878.2110076766643
2016-08-16,204.54000000000002,891.0102534092946
2016-08-17,15.712,800.4692891496346
2016-08-18,496.114,661.517064428604
2016-08-19,448.792,788.2492708626389
2016-08-20,14.78,601.8902813014577
2016-08-21,4798.2919999999995,669.8554810712978
2016-08-22,405.35,889.3279322252223
2016-08-23,4187.348,646.7613482728933
2016-08-26,4874.298,638.9850544187738
2016-08-27,767.9110000000001,851.3180492371321
2016-08-28,322.0248,733.1883231550646
2016-08-29,632.188,490.853240307784
2016-08-30,1656.8700000000001,920.792863640172
2016-08-31,23.968,858.849432741717
2016-09-01,5766.152,710.3311435060934
2016-09-02,6792.193,876.2967901176746
2016-09-03,2365.596,887.9453957386309
2016-09-04,4532.0419999999995,773.9800269893885
2016-09-05,5226.348,704.065416736418
2016-09-06,1313.536,1071.3244021161042
2016-09-08,4493.9836000000005,825.2964690418721
2016-09-09,84.992,1102.0757195090516
2016-09-10,2094.324,921.4710643841469
2016-09-11,6501.586,1025.2654585359041
2016-09-12,2043.792,1052.7229113116466
2016-09-13,2374.73,863.0937485663903
2016-09-14,1137.338,1131.7415960464896
2016-09-15,2101.1820000000002,1167.8995276377238
2016-09-16,425.88599999999997,909.4872390586595
2016-09-17,2043.126,1025.1035549960122
2016-09-18,4751.082,1208.5781522454497
2016-09-19,3839.312,1101.6070094551173
2016-09-20,1232.004,947.0027068273151
2016-09-22,615.57,1201.831398685234
2016-09-23,1322.145,1192.7806549872494
2016-09-24,2286.05,1023.3905043005723
2016-09-25,3443.091,1187.885309479313
2016-09-26,2698.1665,1356.1040423622153
2016-09-27,1992.9858,1232.791227325248
2016-09-28,99.136,967.6474823340345
2016-09-29,1307.792,1094.1574379880888
2016-09-30,525.884,1237.2762260271802
2016-10-01,781.414,1101.9898309733107
2016-10-02,18452.972,1173.6529629896881
2016-10-03,1680.696,1431.6049909597118
2016-10-04,5912.782,1200.4706800417553
2016-10-06,830.4000000000001,904.524538070822
2016-10-07,973.712,1324.9439400658566
2016-10-08,561.5360000000001,1254.9660263202286
2016-10-09,546.92,1130.4185243609618
2016-10-10,282.75300000000004,1381.5778527876982
2016-10-11,33.064,1200.6993481659706
2016-10-13,1650.618,1023.895876190018
2016-10-14,3335.888,842.3887448702751
2016-10-15,1620.15,1225.3476969647745
2016-10-16,142.182,1164.0131020885547
2016-10-17,2953.346,943.8054207805285
2016-10-18,307.92,1089.0652826476482
2016-10-20,946.174,910.1391993884009
2016-10-21,7951.592,1085.4798539249407
2016-10-22,188.28,999.2287901653085
2016-10-23,467.42199999999997,1125.6836090526876
2016-10-24,1365.498,982.1321365573032
2016-10-25,783.96,1112.848569377841
2016-10-27,978.7900000000001,1008.4111908858977
2016-10-28,2899.0209999999997,1104.3926758940559
2016-10-29,131.154,1248.3786009691132
2016-10-30,159.002,703.2942011503114
2016-10-31,3750.4990000000003,980.7509733608694
2016-11-01,453.374,2387.6973767638056
2016-11-03,3802.7960000000003,1917.5240628461477
2016-11-04,3888.8179999999998,2187.5733057879615
2016-11-05,4266.8988,2419.925618986941
2016-11-06,773.2560000000001,1995.3792633094004
2016-11-07,3810.464,1476.4809990141077
2016-11-08,993.9000000000001,2566.975129263402
2016-11-09,479.97,2007.4802684794686
2016-11-10,4723.478,2013.2582226823508
2016-11-11,4944.296,2283.638959826448
2016-11-12,4914.938,2421.330815454091
2016-11-13,2945.138,2110.974972045402
2016-11-14,2774.0620000000004,1805.250193016224
2016-11-15,2145.718,2337.631306048782
2016-11-16,36.72,2136.364064899794
2016-11-17,142.684,1873.858098241445
2016-11-18,3958.9320000000002,1917.424228098078
2016-11-19,638.462,2229.274569111567
2016-11-20,3070.333,1861.8365154829373
2016-11-21,1176.891,1569.9663063843914
2016-11-22,317.044,2048.8268602638536
2016-11-23,100.61599999999999,1438.7724546297934
2016-11-24,6394.5380000000005,1378.1851300810881
2016-11-25,7978.551,2019.2896703769152
2016-11-26,8329.743,1947.5864969412733
2016-11-27,1651.239,2051.041504546123
2016-11-28,3428.372,1467.7664295132834
2016-11-29,300.592,1942.048702657923
2016-11-30,970.142,1508.0417439740163
2016-12-01,7365.455,1914.4376039204537
2016-12-02,4684.616,2247.269777833061
2016-12-03,5269.816,2303.1649233098515
2016-12-04,944.2860000000001,2025.2600321890259
2016-12-05,5267.004,1568.7888532466125
2016-12-06,3878.276,1994.1962305953562
2016-12-08,4709.095,1974.4878399495162
2016-12-09,1855.483,2287.080675276336
2016-12-10,3459.71,2294.5105662167375
2016-12-11,6102.25,2424.938071127131
2016-12-12,1981.115,2128.7113501116373
2016-12-13,1194.088,1815.1651796012377
2016-12-14,828.654,2293.4808596557905
2016-12-15,2637.087,2081.949742965142
2016-12-16,628.5419999999999,2109.2820370654367
2016-12-17,12185.134,2167.08823967412
2016-12-18,7051.35,2590.953674445236
2016-12-19,815.1120000000001,2248.3176810255864
2016-12-20,134.54,1630.1357032040669
2016-12-22,1043.128,1885.2624578326343
2016-12-23,6965.857,1964.1666243227896
2016-12-24,1938.26,2006.0868338700727
2016-12-25,10488.055,2433.951969094467
2016-12-26,1829.418,2615.7769361756255
2016-12-27,959.49,1994.561481558941
2016-12-29,1277.68,1416.9512651688758
2016-12-30,773.774,2097.2797030374604
2016-12-31,731.768,2101.526196710371
2017-01-01,1481.8280000000002,919.7509539303651
2017-01-02,2079.554,1165.1852907390535
2017-01-03,2070.272,1100.0402831550375
2017-01-06,33.74,970.1497247456692
2017-01-07,3395.59,650.1650466888241
2017-01-08,892.98,997.5800977987243
2017-01-09,274.491,907.5483722918074
2017-01-12,848.52,922.3905820335474
2017-01-13,4619.33,1068.366526393171
2017-01-14,1056.038,1167.5307300463567
2017-01-15,2140.28,795.0175728723632
2017-01-16,6230.2919999999995,868.2171137491437
2017-01-19,2013.715,1136.8618443225687
2017-01-20,767.838,993.8406592204125
2017-01-21,2546.643,1032.3561405144249
2017-01-22,4212.372,1322.9713847035973
2017-01-23,450.334,1273.5602050637226
2017-01-24,418.66599999999994,1056.616637122371
2017-01-26,3055.2799999999997,913.383459486019
2017-01-27,331.914,1214.8131751295227
2017-01-28,1007.52,990.3400464982565
2017-01-29,294.842,1114.7628085505546
2017-01-30,3749.335,1196.7365026454959
2017-02-02,913.354,1163.3671740936668
2017-02-03,922.327,971.5421580230699
2017-02-04,32.67,912.2673928203844
2017-02-05,2263.012,871.8185487225503
2017-02-06,904.354,1012.2515838041359
2017-02-09,773.7639999999999,938.9307780823727
2017-02-10,227.103,1203.008612426298
2017-02-11,1241.516,1008.184774961161
2017-02-13,1058.43,937.5738202952492
2017-02-16,1337.442,665.0357893377166
2017-02-17,2964.8174,1093.15548996758
2017-02-18,287.326,1022.3377304460665
2017-02-19,1314.59,935.0360961754086
2017-02-20,1150.29,1050.5210469002386
2017-02-21,47.904,1118.8928545654312
2017-02-23,117.79999999999998,824.567068235635
2017-02-24,1448.676,687.3792979486734
2017-02-25,430.49199999999996,1024.8447234397524
2017-02-26,2847.6459999999997,799.7764740388352
2017-02-28,17.62,964.7922443696896
2017-03-02,1450.126,850.1401766242323
2017-03-03,2000.1039999999998,807.9972344600253
2017-03-04,228.822,771.4273787020676
2017-03-05,1240.02,676.7063195040454
2017-03-06,778.236,877.8465357765376
2017-03-07,166.59,888.619480537074
2017-03-08,843.1,632.9904388031414
2017-03-09,710.804,967.4818551848783
2017-03-10,1252.952,927.7002411141386
2017-03-11,1973.708,744.9815244424315
2017-03-12,353.28,725.9121379083979
2017-03-13,4791.35,852.3209684584125
2017-03-14,49.616,825.4803796457461
2017-03-16,2014.381,735.1542929646787
2017-03-17,542.746,963.6540433175536
2017-03-18,1027.758,908.0637616903812
2017-03-19,2166.248,829.4482229772734
2017-03-20,899.568,681.0290781828163
2017-03-21,3332.636,993.739368643584
2017-03-23,14816.068,762.9830719578159
2017-03-24,1257.298,1053.9960783563245
2017-03-25,3567.026,1051.9414199118667
2017-03-26,3252.88,1117.9113952038103
2017-03-27,2933.516,1040.327539300235
2017-03-28,1504.702,863.9582915827199
2017-03-29,81.4,1205.8340588245967
2017-03-30,656.407,1016.2220266646616
2017-03-31,4981.010799999999,959.1001374057997
2017-04-01,5972.988,1288.2568963914005
2017-04-02,822.97,1291.2517483119473
2017-04-03,32.528,1055.2490569537938
2017-04-04,808.47,729.4245537359399
2017-04-06,114.41999999999999,903.0908445321778
2017-04-07,1971.2905,834.7590856415854
2017-04-08,6401.93,1043.7184619299653
2017-04-09,1626.71,1306.6905304943357
2017-04-10,755.529,1095.0674786965815
2017-04-11,319.806,786.335653406712
2017-04-12,69.66,764.3358872550252
2017-04-13,1345.8239999999998,797.7550549109556
2017-04-14,652.93,955.9805490248827
2017-04-15,332.338,1009.0642386916422
2017-04-16,944.429,1030.1253562798152
2017-04-17,3431.4590000000003,975.7077895052278
2017-04-20,2033.24,859.8276010146933
2017-04-21,1254.564,690.2120749863443
2017-04-22,947.692,1031.1402925023538
2017-04-23,1199.222,919.845306001157
2017-04-24,928.558,927.1891114746933
2017-04-25,678.113,1113.6474422218664
2017-04-26,61.608000000000004,1114.4503276883097
2017-04-27,576.5756,811.5827559894747
2017-04-28,795.296,722.732818476798
2017-04-29,1053.26,931.0280330294702
2017-04-30,1390.1260000000002,894.8595421174853
2017-05-01,4108.37,922.0913861279754
2017-05-02,399.11,1111.5731458525634
2017-05-03,1386.346,854.6255495477895
2017-05-04,1389.4050000000002,872.1753853304996
2017-05-05,185.123,767.7729939617125
2017-05-06,3183.3698,915.3957508915248
2017-05-07,2549.468,977.3232882093084
2017-05-08,3658.5540000000005,1077.914879314017
2017-05-09,1078.222,1125.3555372854075
2017-05-11,449.469,1102.6644796101077
2017-05-12,970.384,915.7937607230887
2017-05-13,3066.378,723.8407321847076
2017-05-14,4182.062,1167.7942857432743
2017-05-15,421.264,1122.4553456172819
2017-05-16,221.024,1079.713849740141
2017-05-18,1830.508,1076.8103521859396
2017-05-19,4919.182,1058.9131609007375
2017-05-20,2997.578,1027.5458151970154
2017-05-21,538.02,938.4526718579107
2017-05-22,336.56199999999995,1170.6104291023507
2017-05-23,241.436,930.6950026206407
2017-05-25,886.026,896.5950368027134
2017-05-26,270.24,1169.797009368172
2017-05-27,2084.908,1092.9070510708946
2017-05-28,1480.103,1004.5930097017958
2017-05-29,691.108,783.9711089133137
2017-05-30,736.8904,978.0813774063448
2017-06-01,5058.362,887.0421686810917
2017-06-02,135.70600000000002,1080.708563478711
2017-06-03,2952.036,979.8456469413095
2017-06-04,279.414,1179.9015513221116
2017-06-05,491.11199999999997,911.5426319578197
2017-06-06,31.349999999999998,746.0123204842126
2017-06-08,2227.038,840.5679202481756
2017-06-09,939.1329999999999,1003.0623953991868
2017-06-10,2513.3430000000003,828.8132941035526
2017-06-11,1580.894,1167.8161664085014
2017-06-12,1679.968,982.6300557925051
2017-06-13,1156.018,900.8052439044252
2017-06-15,4057.51,652.589305371568
2017-06-16,2724.194,1163.5449373518243
2017-06-17,3896.672,1039.8364463955386
2017-06-18,1031.1555,1159.7574767246144
2017-06-19,2115.941,1236.9835573807336
2017-06-20,1028.228,1225.8416051395739
2017-06-21,595.656,1027.6186002307354
2017-06-22,579.019,891.9170316366794
2017-06-24,1287.614,1151.524514669509
2017-06-25,1508.3519999999999,1124.3739577209653
2017-06-26,4224.136,1078.474723603757
2017-06-27,1644.906,1360.6188243664585
2017-06-29,4521.9912,1218.1377472720694
2017-06-30,4721.977,1100.808458280696
2017-07-01,639.83,956.1156204514025
2017-07-02,169.192,1239.6759555337744
2017-07-03,6963.4039999999995,1073.605461080689
2017-07-05,476.35400000000004,1338.5979977938784
2017-07-06,380.37800000000004,1308.7001129337218
2017-07-07,1620.25,1273.8319973268524
2017-07-08,1980.2640000000001,1170.4631925305125
2017-07-09,1671.214,898.8061544044555
2017-07-10,359.21399999999994,1128.239897077196
2017-07-11,1728.892,1206.84368504491
2017-07-12,3.816,1114.871357904237
2017-07-13,504.542,933.8792735650966
2017-07-14,3598.9339999999997,1099.0653980179748
2017-07-15,2132.229,1056.401503912296
2017-07-16,316.636,870.3836114072654
2017-07-17,2191.873,976.7684905522017
2017-07-18,2106.794,1102.8326224967936
2017-07-20,2283.208,808.5868334134638
2017-07-21,3685.944,1223.6144906256684
2017-07-22,556.3140000000001,1357.7889725100965
2017-07-23,898.188,1068.5306900311575
2017-07-24,2399.96,810.7540620982679
2017-07-25,798.742,1245.0427296797154
2017-07-26,2012.3020000000001,1148.6548833704223
2017-07-27,1142.68,1158.51288396801
2017-07-28,1170.5639999999999,1363.5910439505
2017-07-29,1391.294,1198.562001884983
2017-07-30,523.376,1088.333117952326
2017-07-31,1558.028,903.055355506367
2017-08-01,2085.65,1172.0523625789542
2017-08-03,531.348,1220.7320808208428
2017-08-04,20.07,1075.25684707279
2017-08-05,503.676,1048.9901759061736
2017-08-06,1424.026,1108.216857089919
2017-08-07,3479.624,956.9442686393393
2017-08-10,1823.0700000000002,891.590306735908
2017-08-11,708.726,1178.6902369993397
2017-08-12,3693.084,1023.4253452522311
2017-08-13,2643.164,894.4643436566026
2017-08-14,440.736,1266.149509737625
2017-08-15,1949.872,1194.354953839377
2017-08-16,80.564,1155.8806133290411
2017-08-17,9517.287999999999,799.0737712340309
2017-08-18,7078.4839999999995,1211.227867845273
2017-08-19,512.446,1320.1051014567802
2017-08-20,692.95,1104.4967663199127
2017-08-21,8551.054,1192.1733908554077
2017-08-22,524.54,1421.0329503673393
2017-08-23,4590.344,943.0245683381703
2017-08-24,685.0560000000002,1131.631890150092
2017-08-25,361.988,1340.4056710220875
2017-08-26,190.66,1081.4797233931615
2017-08-27,6190.538,982.4144907579779
2017-08-28,1443.6319999999998,1530.8818007308769
2017-08-29,235.46800000000002,1230.5362503303418
2017-08-31,3162.83,1096.0643045551783
2017-09-01,1261.81,936.644994000611
2017-09-02,9354.854,1149.2089129812346
2017-09-03,1595.849,1186.959571837127
2017-09-04,5360.202,1293.8053601667123
2017-09-05,327.044,1517.0938215535632
2017-09-07,3848.565,1183.8855688661506
2017-09-08,2184.327,1322.3421923121452
2017-09-09,4356.061,1058.5368004239217
2017-09-10,2506.646,1601.5440162213872
2017-09-11,5564.006,1378.832266326144
2017-09-12,491.54999999999995,1504.62825170952
2017-09-13,15.92,1381.9078800807567
2017-09-14,4367.347,1245.3240712662491
2017-09-15,7285.026,1300.3053527731186
2017-09-16,849.65,1205.4918386759334
2017-09-17,4979.226,1413.3663186071221
2017-09-18,1511.93,1517.0600390104858
2017-09-19,1648.188,1245.737754145327
2017-09-20,7359.918,1218.6120675412071
2017-09-21,338.172,1750.124232581536
2017-09-22,7871.213,1391.061215199561
2017-09-23,2395.786,1201.1961055706968
2017-09-24,6450.4619999999995,1681.161722624336
2017-09-25,1412.213,1587.5230504251963
2017-09-26,1486.576,1459.5689101884257
2017-09-28,559.271,1802.3728942044274
2017-09-29,1944.08,1446.2157806552927
2017-09-30,540.76,1602.2036493112737
2017-10-01,2978.466,1180.5220024287873
2017-10-02,5418.022,1750.2771267009955
2017-10-03,2504.48,1588.1746788285004
2017-10-04,19.98,1511.5792716780309
2017-10-05,6684.616,1295.1393521100242
2017-10-06,1499.652,1687.0311741216874
2017-10-07,2749.21,1358.857639422935
2017-10-08,608.356,1290.0828579267506
2017-10-09,1496.589,1638.0713831658404
2017-10-10,239.358,1508.708906801031
2017-10-12,5635.354,1017.6972144890634
2017-10-13,8405.802,1821.150955827743
2017-10-14,134.332,1729.6831453537452
2017-10-15,1017.94,1348.0114064978156
2017-10-16,3473.5969999999998,1107.2138993974424
2017-10-17,126.352,1628.0956074452533
2017-10-19,2781.8702000000003,1176.872704510694
2017-10-20,1333.858,1463.015958526708
2017-10-21,4537.201,1708.5291503039512
2017-10-22,15158.877,1423.9961585411738
2017-10-23,3352.3940000000002,1579.7723345635354
2017-10-24,529.0849999999999,1369.9530437247909
2017-10-26,999.868,1396.3534722054283
2017-10-27,1086.32,1551.0675766145705
2017-10-28,408.726,1404.8198023633697
2017-10-29,46.96,1672.8517849217505
2017-10-30,4025.7299999999996,1485.3953925080004
2017-10-31,523.928,1462.356887609886
2017-11-01,2921.43,2147.547645943714
2017-11-02,6294.386,2984.6188756156025
2017-11-03,4536.937,2932.7732783801894
2017-11-04,10668.096,2636.1894559406323
2017-11-05,2355.064,2947.184867618198
2017-11-06,4288.75,3456.9682922008724
2017-11-07,2413.378,2858.755641245043
2017-11-08,384.1,2478.8167345671686
2017-11-09,4751.492,3033.0014128846697
2017-11-10,4007.5480000000002,3053.9518609427582
2017-11-11,1815.2179999999998,3020.191720628314
2017-11-12,2911.386,3139.3705909896908
2017-11-13,6633.4202000000005,3267.5497901449326
2017-11-14,834.6579999999999,2959.778949967331
2017-11-15,559.2,2066.5254083736763
2017-11-16,4755.234,2957.780244457522
2017-11-17,13694.8828,2958.4442562760278
2017-11-18,1469.756,2869.368485041702
2017-11-19,7397.272,3145.966574027276
2017-11-20,2988.274,3502.0982493925267
2017-11-21,2236.1839999999997,2717.3553217391964
2017-11-22,35.712,2199.442246035855
2017-11-23,1153.109,2623.3803850528157
2017-11-24,4959.641,2833.8265156145562
2017-11-25,3666.157,2504.69082741787
2017-11-26,5048.1720000000005,3180.6562499070724
2017-11-27,1618.254,3083.585835593488
2017-11-28,6912.944,2566.95824016779
2017-11-29,491.888,1832.8235916542617
2017-11-30,6645.282,2648.3982700113347
2017-12-01,5331.178,2971.2605591972992
2017-12-02,9951.182,2736.5416111101886
2017-12-03,1403.842,3417.2041678026803
2017-12-04,2639.638,2956.963976067206
2017-12-05,1453.136,2883.695470624377
2017-12-06,10.68,1971.432840807088
2017-12-07,2916.514,2381.720112994728
2017-12-08,7643.041,2648.0041538395726
2017-12-09,5470.39,2687.5693689188447
2017-12-10,3873.5589999999997,2846.07025257004
2017-12-11,2823.965,2911.29901416039
2017-12-13,580.936,2490.5527659516642
2017-12-14,3897.714,1430.4274131235718
2017-12-15,306.88800000000003,2878.0690659718184
2017-12-16,858.702,2521.5542230108285
2017-12-17,2027.758,2328.7426833251043
2017-12-18,3645.911,2709.2599137895545
2017-12-19,1895.926,2711.051143514154
2017-12-20,377.736,2159.4411471608078
2017-12-21,2140.94,1727.6846120160542
2017-12-22,7442.021,2243.5296066148335
2017-12-23,1926.776,2424.9631984215143
2017-12-24,6233.054,2260.674899439153
2017-12-25,2698.927,2849.5902928129112
2017-12-26,814.5939999999999,2653.908947623836
2017-12-27,177.636,2024.3352864414767
2017-12-28,1657.3508000000002,1604.5084643689247
2017-12-29,2915.534,2541.6548275791392
2017-12-30,713.7900000000001,2314.364130399639
